Task ID,Storage Interval,Operator ID,Message Length (secs),Start Time,Stop Time,Threshold Method,Duration,Station Name,All Single Channels,Location (lat),Location (lon),Antenna,Polarization
836,15 secs,HP-PC,15,8/12/2016 10:31,8/12/2016 10:36,Noise Riding 10 dB,Fixed: 5 mins,AR1 PATHUM THANI,No,14.070668,100.63418,Vertical Ref,Vertical
,,,,,,,,,,,,,
Band #,Start Frequency (MHz),Stop Frequency (MHz),Bandwidth (kHz),,,,,,,,,,
1,136.0000,174,12.5,,,,,,,,,,
,,,,,,,,,,,,,
Channel No.,Frequency (MHz),Maximum Field Strength (dBuV/m),Average Field Strength (dBuV/m),,,,,,,,,,
1,136.0000,0,0,,,,,,,,,,
2,136.0125,0,0,,,,,,,,,,
3,136.0250,0,0,,,,,,,,,,
4,136.0375,0,0,,,,,,,,,,
5,136.0500,0,0,,,,,,,,,,
6,136.0625,0,0,,,,,,,,,,
7,136.0750,0,0,,,,,,,,,,
8,136.0875,0,0,,,,,,,,,,
9,136.1000,0,0,,,,,,,,,,
10,136.1125,0,0,,,,,,,,,,
11,136.1250,0,0,,,,,,,,,,
12,136.1375,0,0,,,,,,,,,,
13,136.1500,0,0,,,,,,,,,,
14,136.1625,0,0,,,,,,,,,,
15,136.1750,0,0,,,,,,,,,,
16,136.1875,0,0,,,,,,,,,,
17,136.2000,0,0,,,,,,,,,,
18,136.2125,0,0,,,,,,,,,,
19,136.2250,0,0,,,,,,,,,,
20,136.2375,0,0,,,,,,,,,,
21,136.2500,0,0,,,,,,,,,,
22,136.2625,0,0,,,,,,,,,,
23,136.2750,0,0,,,,,,,,,,
24,136.2875,0,0,,,,,,,,,,
25,136.3000,0,0,,,,,,,,,,
26,136.3125,0,0,,,,,,,,,,
27,136.3250,0,0,,,,,,,,,,
28,136.3375,0,0,,,,,,,,,,
29,136.3500,0,0,,,,,,,,,,
30,136.3625,0,0,,,,,,,,,,
31,136.3750,0,0,,,,,,,,,,
32,136.3875,0,0,,,,,,,,,,
33,136.4000,0,0,,,,,,,,,,
34,136.4125,0,0,,,,,,,,,,
35,136.4250,0,0,,,,,,,,,,
36,136.4375,0,0,,,,,,,,,,
37,136.4500,0,0,,,,,,,,,,
38,136.4625,0,0,,,,,,,,,,
39,136.4750,0,0,,,,,,,,,,
40,136.4875,0,0,,,,,,,,,,
41,136.5000,0,0,,,,,,,,,,
42,136.5125,0,0,,,,,,,,,,
43,136.5250,0,0,,,,,,,,,,
44,136.5375,0,0,,,,,,,,,,
45,136.5500,0,0,,,,,,,,,,
46,136.5625,0,0,,,,,,,,,,
47,136.5750,0,0,,,,,,,,,,
48,136.5875,0,0,,,,,,,,,,
49,136.6000,0,0,,,,,,,,,,
50,136.6125,0,0,,,,,,,,,,
51,136.6250,0,0,,,,,,,,,,
52,136.6375,0,0,,,,,,,,,,
53,136.6500,0,0,,,,,,,,,,
54,136.6625,0,0,,,,,,,,,,
55,136.6750,0,0,,,,,,,,,,
56,136.6875,0,0,,,,,,,,,,
57,136.7000,0,0,,,,,,,,,,
58,136.7125,0,0,,,,,,,,,,
59,136.7250,0,0,,,,,,,,,,
60,136.7375,0,0,,,,,,,,,,
61,136.7500,0,0,,,,,,,,,,
62,136.7625,0,0,,,,,,,,,,
63,136.7750,0,0,,,,,,,,,,
64,136.7875,0,0,,,,,,,,,,
65,136.8000,0,0,,,,,,,,,,
66,136.8125,0,0,,,,,,,,,,
67,136.8250,0,0,,,,,,,,,,
68,136.8375,0,0,,,,,,,,,,
69,136.8500,0,0,,,,,,,,,,
70,136.8625,0,0,,,,,,,,,,
71,136.8750,0,0,,,,,,,,,,
72,136.8875,0,0,,,,,,,,,,
73,136.9000,0,0,,,,,,,,,,
74,136.9125,0,0,,,,,,,,,,
75,136.9250,0,0,,,,,,,,,,
76,136.9375,0,0,,,,,,,,,,
77,136.9500,0,0,,,,,,,,,,
78,136.9625,0,0,,,,,,,,,,
79,136.9750,41,30,,,,,,,,,,
80,136.9875,0,0,,,,,,,,,,
81,137.0000,0,0,,,,,,,,,,
82,137.0125,0,0,,,,,,,,,,
83,137.0250,0,0,,,,,,,,,,
84,137.0375,0,0,,,,,,,,,,
85,137.0500,0,0,,,,,,,,,,
86,137.0625,0,0,,,,,,,,,,
87,137.0750,0,0,,,,,,,,,,
88,137.0875,0,0,,,,,,,,,,
89,137.1000,0,0,,,,,,,,,,
90,137.1125,0,0,,,,,,,,,,
91,137.1250,0,0,,,,,,,,,,
92,137.1375,0,0,,,,,,,,,,
93,137.1500,0,0,,,,,,,,,,
94,137.1625,0,0,,,,,,,,,,
95,137.1750,0,0,,,,,,,,,,
96,137.1875,0,0,,,,,,,,,,
97,137.2000,0,0,,,,,,,,,,
98,137.2125,0,0,,,,,,,,,,
99,137.2250,0,0,,,,,,,,,,
100,137.2375,0,0,,,,,,,,,,
101,137.2500,0,0,,,,,,,,,,
102,137.2625,0,0,,,,,,,,,,
103,137.2750,0,0,,,,,,,,,,
104,137.2875,0,0,,,,,,,,,,
105,137.3000,0,0,,,,,,,,,,
106,137.3125,0,0,,,,,,,,,,
107,137.3250,0,0,,,,,,,,,,
108,137.3375,0,0,,,,,,,,,,
109,137.3500,0,0,,,,,,,,,,
110,137.3625,0,0,,,,,,,,,,
111,137.3750,0,0,,,,,,,,,,
112,137.3875,0,0,,,,,,,,,,
113,137.4000,0,0,,,,,,,,,,
114,137.4125,0,0,,,,,,,,,,
115,137.4250,0,0,,,,,,,,,,
116,137.4375,0,0,,,,,,,,,,
117,137.4500,21,21,,,,,,,,,,
118,137.4625,0,0,,,,,,,,,,
119,137.4750,0,0,,,,,,,,,,
120,137.4875,0,0,,,,,,,,,,
121,137.5000,0,0,,,,,,,,,,
122,137.5125,0,0,,,,,,,,,,
123,137.5250,0,0,,,,,,,,,,
124,137.5375,0,0,,,,,,,,,,
125,137.5500,0,0,,,,,,,,,,
126,137.5625,0,0,,,,,,,,,,
127,137.5750,0,0,,,,,,,,,,
128,137.5875,0,0,,,,,,,,,,
129,137.6000,0,0,,,,,,,,,,
130,137.6125,0,0,,,,,,,,,,
131,137.6250,0,0,,,,,,,,,,
132,137.6375,0,0,,,,,,,,,,
133,137.6500,0,0,,,,,,,,,,
134,137.6625,0,0,,,,,,,,,,
135,137.6750,0,0,,,,,,,,,,
136,137.6875,0,0,,,,,,,,,,
137,137.7000,0,0,,,,,,,,,,
138,137.7125,0,0,,,,,,,,,,
139,137.7250,0,0,,,,,,,,,,
140,137.7375,0,0,,,,,,,,,,
141,137.7500,0,0,,,,,,,,,,
142,137.7625,0,0,,,,,,,,,,
143,137.7750,0,0,,,,,,,,,,
144,137.7875,0,0,,,,,,,,,,
145,137.8000,0,0,,,,,,,,,,
146,137.8125,0,0,,,,,,,,,,
147,137.8250,0,0,,,,,,,,,,
148,137.8375,0,0,,,,,,,,,,
149,137.8500,0,0,,,,,,,,,,
150,137.8625,0,0,,,,,,,,,,
151,137.8750,0,0,,,,,,,,,,
152,137.8875,0,0,,,,,,,,,,
153,137.9000,0,0,,,,,,,,,,
154,137.9125,0,0,,,,,,,,,,
155,137.9250,0,0,,,,,,,,,,
156,137.9375,0,0,,,,,,,,,,
157,137.9500,0,0,,,,,,,,,,
158,137.9625,0,0,,,,,,,,,,
159,137.9750,0,0,,,,,,,,,,
160,137.9875,0,0,,,,,,,,,,
161,138.0000,0,0,,,,,,,,,,
162,138.0125,0,0,,,,,,,,,,
163,138.0250,0,0,,,,,,,,,,
164,138.0375,0,0,,,,,,,,,,
165,138.0500,0,0,,,,,,,,,,
166,138.0625,0,0,,,,,,,,,,
167,138.0750,0,0,,,,,,,,,,
168,138.0875,0,0,,,,,,,,,,
169,138.1000,0,0,,,,,,,,,,
170,138.1125,0,0,,,,,,,,,,
171,138.1250,0,0,,,,,,,,,,
172,138.1375,0,0,,,,,,,,,,
173,138.1500,21,21,,,,,,,,,,
174,138.1625,0,0,,,,,,,,,,
175,138.1750,0,0,,,,,,,,,,
176,138.1875,0,0,,,,,,,,,,
177,138.2000,0,0,,,,,,,,,,
178,138.2125,0,0,,,,,,,,,,
179,138.2250,0,0,,,,,,,,,,
180,138.2375,0,0,,,,,,,,,,
181,138.2500,46,45,,,,,,,,,,
182,138.2625,0,0,,,,,,,,,,
183,138.2750,0,0,,,,,,,,,,
184,138.2875,0,0,,,,,,,,,,
185,138.3000,0,0,,,,,,,,,,
186,138.3125,0,0,,,,,,,,,,
187,138.3250,34,32,,,,,,,,,,
188,138.3375,0,0,,,,,,,,,,
189,138.3500,0,0,,,,,,,,,,
190,138.3625,0,0,,,,,,,,,,
191,138.3750,0,0,,,,,,,,,,
192,138.3875,0,0,,,,,,,,,,
193,138.4000,0,0,,,,,,,,,,
194,138.4125,0,0,,,,,,,,,,
195,138.4250,0,0,,,,,,,,,,
196,138.4375,0,0,,,,,,,,,,
197,138.4500,0,0,,,,,,,,,,
198,138.4625,0,0,,,,,,,,,,
199,138.4750,0,0,,,,,,,,,,
200,138.4875,0,0,,,,,,,,,,
201,138.5000,0,0,,,,,,,,,,
202,138.5125,0,0,,,,,,,,,,
203,138.5250,0,0,,,,,,,,,,
204,138.5375,0,0,,,,,,,,,,
205,138.5500,0,0,,,,,,,,,,
206,138.5625,0,0,,,,,,,,,,
207,138.5750,0,0,,,,,,,,,,
208,138.5875,0,0,,,,,,,,,,
209,138.6000,0,0,,,,,,,,,,
210,138.6125,0,0,,,,,,,,,,
211,138.6250,0,0,,,,,,,,,,
212,138.6375,0,0,,,,,,,,,,
213,138.6500,0,0,,,,,,,,,,
214,138.6625,0,0,,,,,,,,,,
215,138.6750,0,0,,,,,,,,,,
216,138.6875,0,0,,,,,,,,,,
217,138.7000,0,0,,,,,,,,,,
218,138.7125,0,0,,,,,,,,,,
219,138.7250,0,0,,,,,,,,,,
220,138.7375,0,0,,,,,,,,,,
221,138.7500,0,0,,,,,,,,,,
222,138.7625,0,0,,,,,,,,,,
223,138.7750,0,0,,,,,,,,,,
224,138.7875,0,0,,,,,,,,,,
225,138.8000,0,0,,,,,,,,,,
226,138.8125,0,0,,,,,,,,,,
227,138.8250,0,0,,,,,,,,,,
228,138.8375,0,0,,,,,,,,,,
229,138.8500,0,0,,,,,,,,,,
230,138.8625,0,0,,,,,,,,,,
231,138.8750,0,0,,,,,,,,,,
232,138.8875,0,0,,,,,,,,,,
233,138.9000,0,0,,,,,,,,,,
234,138.9125,0,0,,,,,,,,,,
235,138.9250,0,0,,,,,,,,,,
236,138.9375,0,0,,,,,,,,,,
237,138.9500,0,0,,,,,,,,,,
238,138.9625,0,0,,,,,,,,,,
239,138.9750,0,0,,,,,,,,,,
240,138.9875,0,0,,,,,,,,,,
241,139.0000,0,0,,,,,,,,,,
242,139.0125,0,0,,,,,,,,,,
243,139.0250,0,0,,,,,,,,,,
244,139.0375,0,0,,,,,,,,,,
245,139.0500,0,0,,,,,,,,,,
246,139.0625,0,0,,,,,,,,,,
247,139.0750,0,0,,,,,,,,,,
248,139.0875,0,0,,,,,,,,,,
249,139.1000,0,0,,,,,,,,,,
250,139.1125,0,0,,,,,,,,,,
251,139.1250,0,0,,,,,,,,,,
252,139.1375,0,0,,,,,,,,,,
253,139.1500,0,0,,,,,,,,,,
254,139.1625,0,0,,,,,,,,,,
255,139.1750,0,0,,,,,,,,,,
256,139.1875,0,0,,,,,,,,,,
257,139.2000,0,0,,,,,,,,,,
258,139.2125,0,0,,,,,,,,,,
259,139.2250,0,0,,,,,,,,,,
260,139.2375,0,0,,,,,,,,,,
261,139.2500,0,0,,,,,,,,,,
262,139.2625,0,0,,,,,,,,,,
263,139.2750,0,0,,,,,,,,,,
264,139.2875,0,0,,,,,,,,,,
265,139.3000,0,0,,,,,,,,,,
266,139.3125,0,0,,,,,,,,,,
267,139.3250,0,0,,,,,,,,,,
268,139.3375,0,0,,,,,,,,,,
269,139.3500,0,0,,,,,,,,,,
270,139.3625,0,0,,,,,,,,,,
271,139.3750,0,0,,,,,,,,,,
272,139.3875,0,0,,,,,,,,,,
273,139.4000,0,0,,,,,,,,,,
274,139.4125,0,0,,,,,,,,,,
275,139.4250,0,0,,,,,,,,,,
276,139.4375,0,0,,,,,,,,,,
277,139.4500,0,0,,,,,,,,,,
278,139.4625,0,0,,,,,,,,,,
279,139.4750,0,0,,,,,,,,,,
280,139.4875,0,0,,,,,,,,,,
281,139.5000,0,0,,,,,,,,,,
282,139.5125,0,0,,,,,,,,,,
283,139.5250,0,0,,,,,,,,,,
284,139.5375,0,0,,,,,,,,,,
285,139.5500,0,0,,,,,,,,,,
286,139.5625,0,0,,,,,,,,,,
287,139.5750,0,0,,,,,,,,,,
288,139.5875,0,0,,,,,,,,,,
289,139.6000,0,0,,,,,,,,,,
290,139.6125,0,0,,,,,,,,,,
291,139.6250,0,0,,,,,,,,,,
292,139.6375,0,0,,,,,,,,,,
293,139.6500,0,0,,,,,,,,,,
294,139.6625,0,0,,,,,,,,,,
295,139.6750,0,0,,,,,,,,,,
296,139.6875,0,0,,,,,,,,,,
297,139.7000,0,0,,,,,,,,,,
298,139.7125,0,0,,,,,,,,,,
299,139.7250,0,0,,,,,,,,,,
300,139.7375,0,0,,,,,,,,,,
301,139.7500,0,0,,,,,,,,,,
302,139.7625,0,0,,,,,,,,,,
303,139.7750,0,0,,,,,,,,,,
304,139.7875,0,0,,,,,,,,,,
305,139.8000,0,0,,,,,,,,,,
306,139.8125,0,0,,,,,,,,,,
307,139.8250,0,0,,,,,,,,,,
308,139.8375,0,0,,,,,,,,,,
309,139.8500,0,0,,,,,,,,,,
310,139.8625,0,0,,,,,,,,,,
311,139.8750,0,0,,,,,,,,,,
312,139.8875,0,0,,,,,,,,,,
313,139.9000,0,0,,,,,,,,,,
314,139.9125,0,0,,,,,,,,,,
315,139.9250,0,0,,,,,,,,,,
316,139.9375,0,0,,,,,,,,,,
317,139.9500,0,0,,,,,,,,,,
318,139.9625,0,0,,,,,,,,,,
319,139.9750,0,0,,,,,,,,,,
320,139.9875,0,0,,,,,,,,,,
321,140.0000,0,0,,,,,,,,,,
322,140.0125,0,0,,,,,,,,,,
323,140.0250,0,0,,,,,,,,,,
324,140.0375,0,0,,,,,,,,,,
325,140.0500,0,0,,,,,,,,,,
326,140.0625,0,0,,,,,,,,,,
327,140.0750,0,0,,,,,,,,,,
328,140.0875,0,0,,,,,,,,,,
329,140.1000,0,0,,,,,,,,,,
330,140.1125,0,0,,,,,,,,,,
331,140.1250,0,0,,,,,,,,,,
332,140.1375,0,0,,,,,,,,,,
333,140.1500,0,0,,,,,,,,,,
334,140.1625,0,0,,,,,,,,,,
335,140.1750,0,0,,,,,,,,,,
336,140.1875,0,0,,,,,,,,,,
337,140.2000,0,0,,,,,,,,,,
338,140.2125,0,0,,,,,,,,,,
339,140.2250,0,0,,,,,,,,,,
340,140.2375,0,0,,,,,,,,,,
341,140.2500,0,0,,,,,,,,,,
342,140.2625,0,0,,,,,,,,,,
343,140.2750,0,0,,,,,,,,,,
344,140.2875,0,0,,,,,,,,,,
345,140.3000,21,19,,,,,,,,,,
346,140.3125,21,20,,,,,,,,,,
347,140.3250,20,19,,,,,,,,,,
348,140.3375,20,19,,,,,,,,,,
349,140.3500,20,19,,,,,,,,,,
350,140.3625,19,19,,,,,,,,,,
351,140.3750,19,19,,,,,,,,,,
352,140.3875,0,0,,,,,,,,,,
353,140.4000,26,24,,,,,,,,,,
354,140.4125,0,0,,,,,,,,,,
355,140.4250,0,0,,,,,,,,,,
356,140.4375,0,0,,,,,,,,,,
357,140.4500,0,0,,,,,,,,,,
358,140.4625,0,0,,,,,,,,,,
359,140.4750,0,0,,,,,,,,,,
360,140.4875,0,0,,,,,,,,,,
361,140.5000,0,0,,,,,,,,,,
362,140.5125,0,0,,,,,,,,,,
363,140.5250,0,0,,,,,,,,,,
364,140.5375,0,0,,,,,,,,,,
365,140.5500,21,19,,,,,,,,,,
366,140.5625,21,19,,,,,,,,,,
367,140.5750,0,0,,,,,,,,,,
368,140.5875,0,0,,,,,,,,,,
369,140.6000,0,0,,,,,,,,,,
370,140.6125,0,0,,,,,,,,,,
371,140.6250,0,0,,,,,,,,,,
372,140.6375,0,0,,,,,,,,,,
373,140.6500,0,0,,,,,,,,,,
374,140.6625,0,0,,,,,,,,,,
375,140.6750,0,0,,,,,,,,,,
376,140.6875,0,0,,,,,,,,,,
377,140.7000,0,0,,,,,,,,,,
378,140.7125,0,0,,,,,,,,,,
379,140.7250,0,0,,,,,,,,,,
380,140.7375,0,0,,,,,,,,,,
381,140.7500,0,0,,,,,,,,,,
382,140.7625,0,0,,,,,,,,,,
383,140.7750,0,0,,,,,,,,,,
384,140.7875,0,0,,,,,,,,,,
385,140.8000,0,0,,,,,,,,,,
386,140.8125,0,0,,,,,,,,,,
387,140.8250,0,0,,,,,,,,,,
388,140.8375,0,0,,,,,,,,,,
389,140.8500,0,0,,,,,,,,,,
390,140.8625,0,0,,,,,,,,,,
391,140.8750,0,0,,,,,,,,,,
392,140.8875,0,0,,,,,,,,,,
393,140.9000,0,0,,,,,,,,,,
394,140.9125,0,0,,,,,,,,,,
395,140.9250,0,0,,,,,,,,,,
396,140.9375,0,0,,,,,,,,,,
397,140.9500,0,0,,,,,,,,,,
398,140.9625,0,0,,,,,,,,,,
399,140.9750,0,0,,,,,,,,,,
400,140.9875,0,0,,,,,,,,,,
401,141.0000,19,19,,,,,,,,,,
402,141.0125,0,0,,,,,,,,,,
403,141.0250,0,0,,,,,,,,,,
404,141.0375,0,0,,,,,,,,,,
405,141.0500,0,0,,,,,,,,,,
406,141.0625,0,0,,,,,,,,,,
407,141.0750,0,0,,,,,,,,,,
408,141.0875,0,0,,,,,,,,,,
409,141.1000,0,0,,,,,,,,,,
410,141.1125,0,0,,,,,,,,,,
411,141.1250,0,0,,,,,,,,,,
412,141.1375,0,0,,,,,,,,,,
413,141.1500,0,0,,,,,,,,,,
414,141.1625,0,0,,,,,,,,,,
415,141.1750,0,0,,,,,,,,,,
416,141.1875,0,0,,,,,,,,,,
417,141.2000,0,0,,,,,,,,,,
418,141.2125,0,0,,,,,,,,,,
419,141.2250,0,0,,,,,,,,,,
420,141.2375,0,0,,,,,,,,,,
421,141.2500,0,0,,,,,,,,,,
422,141.2625,0,0,,,,,,,,,,
423,141.2750,0,0,,,,,,,,,,
424,141.2875,0,0,,,,,,,,,,
425,141.3000,0,0,,,,,,,,,,
426,141.3125,0,0,,,,,,,,,,
427,141.3250,0,0,,,,,,,,,,
428,141.3375,0,0,,,,,,,,,,
429,141.3500,0,0,,,,,,,,,,
430,141.3625,0,0,,,,,,,,,,
431,141.3750,0,0,,,,,,,,,,
432,141.3875,0,0,,,,,,,,,,
433,141.4000,0,0,,,,,,,,,,
434,141.4125,0,0,,,,,,,,,,
435,141.4250,0,0,,,,,,,,,,
436,141.4375,0,0,,,,,,,,,,
437,141.4500,0,0,,,,,,,,,,
438,141.4625,0,0,,,,,,,,,,
439,141.4750,0,0,,,,,,,,,,
440,141.4875,0,0,,,,,,,,,,
441,141.5000,0,0,,,,,,,,,,
442,141.5125,0,0,,,,,,,,,,
443,141.5250,0,0,,,,,,,,,,
444,141.5375,0,0,,,,,,,,,,
445,141.5500,0,0,,,,,,,,,,
446,141.5625,0,0,,,,,,,,,,
447,141.5750,0,0,,,,,,,,,,
448,141.5875,0,0,,,,,,,,,,
449,141.6000,0,0,,,,,,,,,,
450,141.6125,0,0,,,,,,,,,,
451,141.6250,0,0,,,,,,,,,,
452,141.6375,0,0,,,,,,,,,,
453,141.6500,0,0,,,,,,,,,,
454,141.6625,0,0,,,,,,,,,,
455,141.6750,0,0,,,,,,,,,,
456,141.6875,0,0,,,,,,,,,,
457,141.7000,0,0,,,,,,,,,,
458,141.7125,0,0,,,,,,,,,,
459,141.7250,0,0,,,,,,,,,,
460,141.7375,0,0,,,,,,,,,,
461,141.7500,0,0,,,,,,,,,,
462,141.7625,0,0,,,,,,,,,,
463,141.7750,0,0,,,,,,,,,,
464,141.7875,0,0,,,,,,,,,,
465,141.8000,0,0,,,,,,,,,,
466,141.8125,0,0,,,,,,,,,,
467,141.8250,0,0,,,,,,,,,,
468,141.8375,0,0,,,,,,,,,,
469,141.8500,0,0,,,,,,,,,,
470,141.8625,0,0,,,,,,,,,,
471,141.8750,50,49,,,,,,,,,,
472,141.8875,0,0,,,,,,,,,,
473,141.9000,0,0,,,,,,,,,,
474,141.9125,0,0,,,,,,,,,,
475,141.9250,0,0,,,,,,,,,,
476,141.9375,0,0,,,,,,,,,,
477,141.9500,0,0,,,,,,,,,,
478,141.9625,0,0,,,,,,,,,,
479,141.9750,23,22,,,,,,,,,,
480,141.9875,0,0,,,,,,,,,,
481,142.0000,0,0,,,,,,,,,,
482,142.0125,0,0,,,,,,,,,,
483,142.0250,0,0,,,,,,,,,,
484,142.0375,0,0,,,,,,,,,,
485,142.0500,0,0,,,,,,,,,,
486,142.0625,0,0,,,,,,,,,,
487,142.0750,0,0,,,,,,,,,,
488,142.0875,0,0,,,,,,,,,,
489,142.1000,0,0,,,,,,,,,,
490,142.1125,0,0,,,,,,,,,,
491,142.1250,0,0,,,,,,,,,,
492,142.1375,0,0,,,,,,,,,,
493,142.1500,0,0,,,,,,,,,,
494,142.1625,0,0,,,,,,,,,,
495,142.1750,0,0,,,,,,,,,,
496,142.1875,0,0,,,,,,,,,,
497,142.2000,0,0,,,,,,,,,,
498,142.2125,0,0,,,,,,,,,,
499,142.2250,0,0,,,,,,,,,,
500,142.2375,0,0,,,,,,,,,,
501,142.2500,0,0,,,,,,,,,,
502,142.2625,0,0,,,,,,,,,,
503,142.2750,0,0,,,,,,,,,,
504,142.2875,0,0,,,,,,,,,,
505,142.3000,0,0,,,,,,,,,,
506,142.3125,0,0,,,,,,,,,,
507,142.3250,0,0,,,,,,,,,,
508,142.3375,0,0,,,,,,,,,,
509,142.3500,28,27,,,,,,,,,,
510,142.3625,0,0,,,,,,,,,,
511,142.3750,0,0,,,,,,,,,,
512,142.3875,0,0,,,,,,,,,,
513,142.4000,0,0,,,,,,,,,,
514,142.4125,0,0,,,,,,,,,,
515,142.4250,0,0,,,,,,,,,,
516,142.4375,0,0,,,,,,,,,,
517,142.4500,0,0,,,,,,,,,,
518,142.4625,0,0,,,,,,,,,,
519,142.4750,0,0,,,,,,,,,,
520,142.4875,0,0,,,,,,,,,,
521,142.5000,0,0,,,,,,,,,,
522,142.5125,0,0,,,,,,,,,,
523,142.5250,20,19,,,,,,,,,,
524,142.5375,0,0,,,,,,,,,,
525,142.5500,0,0,,,,,,,,,,
526,142.5625,0,0,,,,,,,,,,
527,142.5750,0,0,,,,,,,,,,
528,142.5875,0,0,,,,,,,,,,
529,142.6000,0,0,,,,,,,,,,
530,142.6125,0,0,,,,,,,,,,
531,142.6250,0,0,,,,,,,,,,
532,142.6375,0,0,,,,,,,,,,
533,142.6500,0,0,,,,,,,,,,
534,142.6625,0,0,,,,,,,,,,
535,142.6750,0,0,,,,,,,,,,
536,142.6875,0,0,,,,,,,,,,
537,142.7000,0,0,,,,,,,,,,
538,142.7125,0,0,,,,,,,,,,
539,142.7250,0,0,,,,,,,,,,
540,142.7375,0,0,,,,,,,,,,
541,142.7500,0,0,,,,,,,,,,
542,142.7625,0,0,,,,,,,,,,
543,142.7750,0,0,,,,,,,,,,
544,142.7875,43,33,,,,,,,,,,
545,142.8000,71,71,,,,,,,,,,
546,142.8125,42,33,,,,,,,,,,
547,142.8250,0,0,,,,,,,,,,
548,142.8375,0,0,,,,,,,,,,
549,142.8500,0,0,,,,,,,,,,
550,142.8625,0,0,,,,,,,,,,
551,142.8750,0,0,,,,,,,,,,
552,142.8875,0,0,,,,,,,,,,
553,142.9000,38,38,,,,,,,,,,
554,142.9125,0,0,,,,,,,,,,
555,142.9250,0,0,,,,,,,,,,
556,142.9375,0,0,,,,,,,,,,
557,142.9500,0,0,,,,,,,,,,
558,142.9625,0,0,,,,,,,,,,
559,142.9750,0,0,,,,,,,,,,
560,142.9875,0,0,,,,,,,,,,
561,143.0000,0,0,,,,,,,,,,
562,143.0125,0,0,,,,,,,,,,
563,143.0250,0,0,,,,,,,,,,
564,143.0375,0,0,,,,,,,,,,
565,143.0500,0,0,,,,,,,,,,
566,143.0625,0,0,,,,,,,,,,
567,143.0750,0,0,,,,,,,,,,
568,143.0875,0,0,,,,,,,,,,
569,143.1000,0,0,,,,,,,,,,
570,143.1125,0,0,,,,,,,,,,
571,143.1250,0,0,,,,,,,,,,
572,143.1375,0,0,,,,,,,,,,
573,143.1500,0,0,,,,,,,,,,
574,143.1625,0,0,,,,,,,,,,
575,143.1750,0,0,,,,,,,,,,
576,143.1875,0,0,,,,,,,,,,
577,143.2000,0,0,,,,,,,,,,
578,143.2125,0,0,,,,,,,,,,
579,143.2250,0,0,,,,,,,,,,
580,143.2375,0,0,,,,,,,,,,
581,143.2500,0,0,,,,,,,,,,
582,143.2625,0,0,,,,,,,,,,
583,143.2750,0,0,,,,,,,,,,
584,143.2875,18,18,,,,,,,,,,
585,143.3000,27,27,,,,,,,,,,
586,143.3125,26,26,,,,,,,,,,
587,143.3250,25,25,,,,,,,,,,
588,143.3375,22,22,,,,,,,,,,
589,143.3500,0,0,,,,,,,,,,
590,143.3625,0,0,,,,,,,,,,
591,143.3750,0,0,,,,,,,,,,
592,143.3875,0,0,,,,,,,,,,
593,143.4000,0,0,,,,,,,,,,
594,143.4125,0,0,,,,,,,,,,
595,143.4250,0,0,,,,,,,,,,
596,143.4375,0,0,,,,,,,,,,
597,143.4500,0,0,,,,,,,,,,
598,143.4625,0,0,,,,,,,,,,
599,143.4750,26,24,,,,,,,,,,
600,143.4875,18,18,,,,,,,,,,
601,143.5000,0,0,,,,,,,,,,
602,143.5125,0,0,,,,,,,,,,
603,143.5250,0,0,,,,,,,,,,
604,143.5375,0,0,,,,,,,,,,
605,143.5500,24,24,,,,,,,,,,
606,143.5625,27,27,,,,,,,,,,
607,143.5750,31,31,,,,,,,,,,
608,143.5875,24,24,,,,,,,,,,
609,143.6000,0,0,,,,,,,,,,
610,143.6125,0,0,,,,,,,,,,
611,143.6250,0,0,,,,,,,,,,
612,143.6375,0,0,,,,,,,,,,
613,143.6500,0,0,,,,,,,,,,
614,143.6625,0,0,,,,,,,,,,
615,143.6750,0,0,,,,,,,,,,
616,143.6875,27,25,,,,,,,,,,
617,143.7000,39,34,,,,,,,,,,
618,143.7125,25,24,,,,,,,,,,
619,143.7250,0,0,,,,,,,,,,
620,143.7375,0,0,,,,,,,,,,
621,143.7500,0,0,,,,,,,,,,
622,143.7625,0,0,,,,,,,,,,
623,143.7750,0,0,,,,,,,,,,
624,143.7875,0,0,,,,,,,,,,
625,143.8000,38,38,,,,,,,,,,
626,143.8125,0,0,,,,,,,,,,
627,143.8250,0,0,,,,,,,,,,
628,143.8375,19,19,,,,,,,,,,
629,143.8500,44,44,,,,,,,,,,
630,143.8625,31,31,,,,,,,,,,
631,143.8750,20,20,,,,,,,,,,
632,143.8875,20,20,,,,,,,,,,
633,143.9000,21,21,,,,,,,,,,
634,143.9125,22,22,,,,,,,,,,
635,143.9250,26,26,,,,,,,,,,
636,143.9375,0,0,,,,,,,,,,
637,143.9500,0,0,,,,,,,,,,
638,143.9625,0,0,,,,,,,,,,
639,143.9750,0,0,,,,,,,,,,
640,143.9875,0,0,,,,,,,,,,
641,144.0000,0,0,,,,,,,,,,
642,144.0125,0,0,,,,,,,,,,
643,144.0250,0,0,,,,,,,,,,
644,144.0375,0,0,,,,,,,,,,
645,144.0500,0,0,,,,,,,,,,
646,144.0625,0,0,,,,,,,,,,
647,144.0750,0,0,,,,,,,,,,
648,144.0875,0,0,,,,,,,,,,
649,144.1000,0,0,,,,,,,,,,
650,144.1125,0,0,,,,,,,,,,
651,144.1250,0,0,,,,,,,,,,
652,144.1375,0,0,,,,,,,,,,
653,144.1500,0,0,,,,,,,,,,
654,144.1625,0,0,,,,,,,,,,
655,144.1750,0,0,,,,,,,,,,
656,144.1875,38,29,,,,,,,,,,
657,144.2000,0,0,,,,,,,,,,
658,144.2125,0,0,,,,,,,,,,
659,144.2250,0,0,,,,,,,,,,
660,144.2375,0,0,,,,,,,,,,
661,144.2500,0,0,,,,,,,,,,
662,144.2625,20,18,,,,,,,,,,
663,144.2750,31,30,,,,,,,,,,
664,144.2875,21,19,,,,,,,,,,
665,144.3000,20,20,,,,,,,,,,
666,144.3125,0,0,,,,,,,,,,
667,144.3250,20,20,,,,,,,,,,
668,144.3375,23,23,,,,,,,,,,
669,144.3500,23,21,,,,,,,,,,
670,144.3625,31,28,,,,,,,,,,
671,144.3750,26,24,,,,,,,,,,
672,144.3875,51,38,,,,,,,,,,
673,144.4000,41,30,,,,,,,,,,
674,144.4125,34,28,,,,,,,,,,
675,144.4250,0,0,,,,,,,,,,
676,144.4375,0,0,,,,,,,,,,
677,144.4500,0,0,,,,,,,,,,
678,144.4625,0,0,,,,,,,,,,
679,144.4750,0,0,,,,,,,,,,
680,144.4875,0,0,,,,,,,,,,
681,144.5000,0,0,,,,,,,,,,
682,144.5125,0,0,,,,,,,,,,
683,144.5250,21,21,,,,,,,,,,
684,144.5375,22,22,,,,,,,,,,
685,144.5500,19,19,,,,,,,,,,
686,144.5625,20,20,,,,,,,,,,
687,144.5750,31,26,,,,,,,,,,
688,144.5875,19,19,,,,,,,,,,
689,144.6000,22,22,,,,,,,,,,
690,144.6125,0,0,,,,,,,,,,
691,144.6250,0,0,,,,,,,,,,
692,144.6375,0,0,,,,,,,,,,
693,144.6500,0,0,,,,,,,,,,
694,144.6625,0,0,,,,,,,,,,
695,144.6750,0,0,,,,,,,,,,
696,144.6875,0,0,,,,,,,,,,
697,144.7000,0,0,,,,,,,,,,
698,144.7125,0,0,,,,,,,,,,
699,144.7250,0,0,,,,,,,,,,
700,144.7375,27,21,,,,,,,,,,
701,144.7500,0,0,,,,,,,,,,
702,144.7625,0,0,,,,,,,,,,
703,144.7750,0,0,,,,,,,,,,
704,144.7875,0,0,,,,,,,,,,
705,144.8000,28,27,,,,,,,,,,
706,144.8125,0,0,,,,,,,,,,
707,144.8250,0,0,,,,,,,,,,
708,144.8375,0,0,,,,,,,,,,
709,144.8500,0,0,,,,,,,,,,
710,144.8625,0,0,,,,,,,,,,
711,144.8750,0,0,,,,,,,,,,
712,144.8875,0,0,,,,,,,,,,
713,144.9000,0,0,,,,,,,,,,
714,144.9125,0,0,,,,,,,,,,
715,144.9250,0,0,,,,,,,,,,
716,144.9375,0,0,,,,,,,,,,
717,144.9500,0,0,,,,,,,,,,
718,144.9625,0,0,,,,,,,,,,
719,144.9750,0,0,,,,,,,,,,
720,144.9875,0,0,,,,,,,,,,
721,145.0000,0,0,,,,,,,,,,
722,145.0125,0,0,,,,,,,,,,
723,145.0250,0,0,,,,,,,,,,
724,145.0375,0,0,,,,,,,,,,
725,145.0500,0,0,,,,,,,,,,
726,145.0625,0,0,,,,,,,,,,
727,145.0750,0,0,,,,,,,,,,
728,145.0875,0,0,,,,,,,,,,
729,145.1000,0,0,,,,,,,,,,
730,145.1125,0,0,,,,,,,,,,
731,145.1250,0,0,,,,,,,,,,
732,145.1375,0,0,,,,,,,,,,
733,145.1500,0,0,,,,,,,,,,
734,145.1625,0,0,,,,,,,,,,
735,145.1750,0,0,,,,,,,,,,
736,145.1875,0,0,,,,,,,,,,
737,145.2000,19,19,,,,,,,,,,
738,145.2125,0,0,,,,,,,,,,
739,145.2250,0,0,,,,,,,,,,
740,145.2375,21,21,,,,,,,,,,
741,145.2500,23,21,,,,,,,,,,
742,145.2625,41,35,,,,,,,,,,
743,145.2750,25,24,,,,,,,,,,
744,145.2875,0,0,,,,,,,,,,
745,145.3000,0,0,,,,,,,,,,
746,145.3125,0,0,,,,,,,,,,
747,145.3250,36,30,,,,,,,,,,
748,145.3375,17,17,,,,,,,,,,
749,145.3500,28,21,,,,,,,,,,
750,145.3625,42,25,,,,,,,,,,
751,145.3750,57,56,,,,,,,,,,
752,145.3875,34,26,,,,,,,,,,
753,145.4000,0,0,,,,,,,,,,
754,145.4125,0,0,,,,,,,,,,
755,145.4250,0,0,,,,,,,,,,
756,145.4375,0,0,,,,,,,,,,
757,145.4500,40,39,,,,,,,,,,
758,145.4625,0,0,,,,,,,,,,
759,145.4750,0,0,,,,,,,,,,
760,145.4875,0,0,,,,,,,,,,
761,145.5000,36,29,,,,,,,,,,
762,145.5125,0,0,,,,,,,,,,
763,145.5250,0,0,,,,,,,,,,
764,145.5375,0,0,,,,,,,,,,
765,145.5500,0,0,,,,,,,,,,
766,145.5625,0,0,,,,,,,,,,
767,145.5750,0,0,,,,,,,,,,
768,145.5875,0,0,,,,,,,,,,
769,145.6000,0,0,,,,,,,,,,
770,145.6125,0,0,,,,,,,,,,
771,145.6250,74,73,,,,,,,,,,
772,145.6375,45,41,,,,,,,,,,
773,145.6500,0,0,,,,,,,,,,
774,145.6625,0,0,,,,,,,,,,
775,145.6750,26,26,,,,,,,,,,
776,145.6875,35,34,,,,,,,,,,
777,145.7000,0,0,,,,,,,,,,
778,145.7125,0,0,,,,,,,,,,
779,145.7250,23,22,,,,,,,,,,
780,145.7375,0,0,,,,,,,,,,
781,145.7500,0,0,,,,,,,,,,
782,145.7625,0,0,,,,,,,,,,
783,145.7750,0,0,,,,,,,,,,
784,145.7875,24,23,,,,,,,,,,
785,145.8000,0,0,,,,,,,,,,
786,145.8125,0,0,,,,,,,,,,
787,145.8250,0,0,,,,,,,,,,
788,145.8375,0,0,,,,,,,,,,
789,145.8500,0,0,,,,,,,,,,
790,145.8625,0,0,,,,,,,,,,
791,145.8750,0,0,,,,,,,,,,
792,145.8875,18,17,,,,,,,,,,
793,145.9000,0,0,,,,,,,,,,
794,145.9125,0,0,,,,,,,,,,
795,145.9250,0,0,,,,,,,,,,
796,145.9375,0,0,,,,,,,,,,
797,145.9500,0,0,,,,,,,,,,
798,145.9625,0,0,,,,,,,,,,
799,145.9750,0,0,,,,,,,,,,
800,145.9875,0,0,,,,,,,,,,
801,146.0000,0,0,,,,,,,,,,
802,146.0125,0,0,,,,,,,,,,
803,146.0250,0,0,,,,,,,,,,
804,146.0375,0,0,,,,,,,,,,
805,146.0500,0,0,,,,,,,,,,
806,146.0625,0,0,,,,,,,,,,
807,146.0750,0,0,,,,,,,,,,
808,146.0875,0,0,,,,,,,,,,
809,146.1000,0,0,,,,,,,,,,
810,146.1125,0,0,,,,,,,,,,
811,146.1250,0,0,,,,,,,,,,
812,146.1375,0,0,,,,,,,,,,
813,146.1500,0,0,,,,,,,,,,
814,146.1625,0,0,,,,,,,,,,
815,146.1750,0,0,,,,,,,,,,
816,146.1875,0,0,,,,,,,,,,
817,146.2000,0,0,,,,,,,,,,
818,146.2125,0,0,,,,,,,,,,
819,146.2250,0,0,,,,,,,,,,
820,146.2375,0,0,,,,,,,,,,
821,146.2500,0,0,,,,,,,,,,
822,146.2625,0,0,,,,,,,,,,
823,146.2750,25,21,,,,,,,,,,
824,146.2875,46,45,,,,,,,,,,
825,146.3000,0,0,,,,,,,,,,
826,146.3125,0,0,,,,,,,,,,
827,146.3250,0,0,,,,,,,,,,
828,146.3375,0,0,,,,,,,,,,
829,146.3500,0,0,,,,,,,,,,
830,146.3625,0,0,,,,,,,,,,
831,146.3750,0,0,,,,,,,,,,
832,146.3875,0,0,,,,,,,,,,
833,146.4000,0,0,,,,,,,,,,
834,146.4125,0,0,,,,,,,,,,
835,146.4250,0,0,,,,,,,,,,
836,146.4375,0,0,,,,,,,,,,
837,146.4500,0,0,,,,,,,,,,
838,146.4625,0,0,,,,,,,,,,
839,146.4750,0,0,,,,,,,,,,
840,146.4875,0,0,,,,,,,,,,
841,146.5000,0,0,,,,,,,,,,
842,146.5125,0,0,,,,,,,,,,
843,146.5250,0,0,,,,,,,,,,
844,146.5375,0,0,,,,,,,,,,
845,146.5500,0,0,,,,,,,,,,
846,146.5625,0,0,,,,,,,,,,
847,146.5750,0,0,,,,,,,,,,
848,146.5875,0,0,,,,,,,,,,
849,146.6000,0,0,,,,,,,,,,
850,146.6125,0,0,,,,,,,,,,
851,146.6250,0,0,,,,,,,,,,
852,146.6375,0,0,,,,,,,,,,
853,146.6500,0,0,,,,,,,,,,
854,146.6625,0,0,,,,,,,,,,
855,146.6750,0,0,,,,,,,,,,
856,146.6875,0,0,,,,,,,,,,
857,146.7000,0,0,,,,,,,,,,
858,146.7125,0,0,,,,,,,,,,
859,146.7250,0,0,,,,,,,,,,
860,146.7375,0,0,,,,,,,,,,
861,146.7500,0,0,,,,,,,,,,
862,146.7625,0,0,,,,,,,,,,
863,146.7750,0,0,,,,,,,,,,
864,146.7875,0,0,,,,,,,,,,
865,146.8000,0,0,,,,,,,,,,
866,146.8125,0,0,,,,,,,,,,
867,146.8250,0,0,,,,,,,,,,
868,146.8375,0,0,,,,,,,,,,
869,146.8500,0,0,,,,,,,,,,
870,146.8625,0,0,,,,,,,,,,
871,146.8750,0,0,,,,,,,,,,
872,146.8875,0,0,,,,,,,,,,
873,146.9000,0,0,,,,,,,,,,
874,146.9125,0,0,,,,,,,,,,
875,146.9250,0,0,,,,,,,,,,
876,146.9375,0,0,,,,,,,,,,
877,146.9500,0,0,,,,,,,,,,
878,146.9625,0,0,,,,,,,,,,
879,146.9750,0,0,,,,,,,,,,
880,146.9875,0,0,,,,,,,,,,
881,147.0000,0,0,,,,,,,,,,
882,147.0125,0,0,,,,,,,,,,
883,147.0250,0,0,,,,,,,,,,
884,147.0375,0,0,,,,,,,,,,
885,147.0500,0,0,,,,,,,,,,
886,147.0625,0,0,,,,,,,,,,
887,147.0750,0,0,,,,,,,,,,
888,147.0875,0,0,,,,,,,,,,
889,147.1000,0,0,,,,,,,,,,
890,147.1125,0,0,,,,,,,,,,
891,147.1250,0,0,,,,,,,,,,
892,147.1375,0,0,,,,,,,,,,
893,147.1500,0,0,,,,,,,,,,
894,147.1625,0,0,,,,,,,,,,
895,147.1750,0,0,,,,,,,,,,
896,147.1875,0,0,,,,,,,,,,
897,147.2000,0,0,,,,,,,,,,
898,147.2125,0,0,,,,,,,,,,
899,147.2250,0,0,,,,,,,,,,
900,147.2375,0,0,,,,,,,,,,
901,147.2500,0,0,,,,,,,,,,
902,147.2625,0,0,,,,,,,,,,
903,147.2750,0,0,,,,,,,,,,
904,147.2875,0,0,,,,,,,,,,
905,147.3000,0,0,,,,,,,,,,
906,147.3125,0,0,,,,,,,,,,
907,147.3250,17,17,,,,,,,,,,
908,147.3375,0,0,,,,,,,,,,
909,147.3500,0,0,,,,,,,,,,
910,147.3625,0,0,,,,,,,,,,
911,147.3750,0,0,,,,,,,,,,
912,147.3875,0,0,,,,,,,,,,
913,147.4000,0,0,,,,,,,,,,
914,147.4125,0,0,,,,,,,,,,
915,147.4250,0,0,,,,,,,,,,
916,147.4375,0,0,,,,,,,,,,
917,147.4500,0,0,,,,,,,,,,
918,147.4625,0,0,,,,,,,,,,
919,147.4750,0,0,,,,,,,,,,
920,147.4875,0,0,,,,,,,,,,
921,147.5000,0,0,,,,,,,,,,
922,147.5125,0,0,,,,,,,,,,
923,147.5250,0,0,,,,,,,,,,
924,147.5375,0,0,,,,,,,,,,
925,147.5500,0,0,,,,,,,,,,
926,147.5625,0,0,,,,,,,,,,
927,147.5750,0,0,,,,,,,,,,
928,147.5875,0,0,,,,,,,,,,
929,147.6000,0,0,,,,,,,,,,
930,147.6125,0,0,,,,,,,,,,
931,147.6250,0,0,,,,,,,,,,
932,147.6375,0,0,,,,,,,,,,
933,147.6500,0,0,,,,,,,,,,
934,147.6625,0,0,,,,,,,,,,
935,147.6750,0,0,,,,,,,,,,
936,147.6875,0,0,,,,,,,,,,
937,147.7000,0,0,,,,,,,,,,
938,147.7125,0,0,,,,,,,,,,
939,147.7250,0,0,,,,,,,,,,
940,147.7375,0,0,,,,,,,,,,
941,147.7500,0,0,,,,,,,,,,
942,147.7625,0,0,,,,,,,,,,
943,147.7750,0,0,,,,,,,,,,
944,147.7875,0,0,,,,,,,,,,
945,147.8000,0,0,,,,,,,,,,
946,147.8125,0,0,,,,,,,,,,
947,147.8250,0,0,,,,,,,,,,
948,147.8375,0,0,,,,,,,,,,
949,147.8500,0,0,,,,,,,,,,
950,147.8625,0,0,,,,,,,,,,
951,147.8750,0,0,,,,,,,,,,
952,147.8875,0,0,,,,,,,,,,
953,147.9000,0,0,,,,,,,,,,
954,147.9125,0,0,,,,,,,,,,
955,147.9250,0,0,,,,,,,,,,
956,147.9375,0,0,,,,,,,,,,
957,147.9500,0,0,,,,,,,,,,
958,147.9625,0,0,,,,,,,,,,
959,147.9750,0,0,,,,,,,,,,
960,147.9875,0,0,,,,,,,,,,
961,148.0000,22,22,,,,,,,,,,
962,148.0125,0,0,,,,,,,,,,
963,148.0250,0,0,,,,,,,,,,
964,148.0375,0,0,,,,,,,,,,
965,148.0500,0,0,,,,,,,,,,
966,148.0625,0,0,,,,,,,,,,
967,148.0750,0,0,,,,,,,,,,
968,148.0875,0,0,,,,,,,,,,
969,148.1000,0,0,,,,,,,,,,
970,148.1125,0,0,,,,,,,,,,
971,148.1250,0,0,,,,,,,,,,
972,148.1375,0,0,,,,,,,,,,
973,148.1500,18,18,,,,,,,,,,
974,148.1625,0,0,,,,,,,,,,
975,148.1750,0,0,,,,,,,,,,
976,148.1875,0,0,,,,,,,,,,
977,148.2000,0,0,,,,,,,,,,
978,148.2125,0,0,,,,,,,,,,
979,148.2250,27,24,,,,,,,,,,
980,148.2375,22,20,,,,,,,,,,
981,148.2500,0,0,,,,,,,,,,
982,148.2625,0,0,,,,,,,,,,
983,148.2750,0,0,,,,,,,,,,
984,148.2875,0,0,,,,,,,,,,
985,148.3000,0,0,,,,,,,,,,
986,148.3125,0,0,,,,,,,,,,
987,148.3250,0,0,,,,,,,,,,
988,148.3375,0,0,,,,,,,,,,
989,148.3500,0,0,,,,,,,,,,
990,148.3625,0,0,,,,,,,,,,
991,148.3750,0,0,,,,,,,,,,
992,148.3875,0,0,,,,,,,,,,
993,148.4000,0,0,,,,,,,,,,
994,148.4125,0,0,,,,,,,,,,
995,148.4250,0,0,,,,,,,,,,
996,148.4375,0,0,,,,,,,,,,
997,148.4500,0,0,,,,,,,,,,
998,148.4625,0,0,,,,,,,,,,
999,148.4750,22,22,,,,,,,,,,
1000,148.4875,0,0,,,,,,,,,,
1001,148.5000,0,0,,,,,,,,,,
1002,148.5125,0,0,,,,,,,,,,
1003,148.5250,0,0,,,,,,,,,,
1004,148.5375,0,0,,,,,,,,,,
1005,148.5500,0,0,,,,,,,,,,
1006,148.5625,0,0,,,,,,,,,,
1007,148.5750,23,20,,,,,,,,,,
1008,148.5875,43,43,,,,,,,,,,
1009,148.6000,0,0,,,,,,,,,,
1010,148.6125,0,0,,,,,,,,,,
1011,148.6250,0,0,,,,,,,,,,
1012,148.6375,0,0,,,,,,,,,,
1013,148.6500,0,0,,,,,,,,,,
1014,148.6625,0,0,,,,,,,,,,
1015,148.6750,0,0,,,,,,,,,,
1016,148.6875,0,0,,,,,,,,,,
1017,148.7000,0,0,,,,,,,,,,
1018,148.7125,0,0,,,,,,,,,,
1019,148.7250,0,0,,,,,,,,,,
1020,148.7375,0,0,,,,,,,,,,
1021,148.7500,0,0,,,,,,,,,,
1022,148.7625,18,17,,,,,,,,,,
1023,148.7750,23,22,,,,,,,,,,
1024,148.7875,17,17,,,,,,,,,,
1025,148.8000,0,0,,,,,,,,,,
1026,148.8125,0,0,,,,,,,,,,
1027,148.8250,0,0,,,,,,,,,,
1028,148.8375,0,0,,,,,,,,,,
1029,148.8500,0,0,,,,,,,,,,
1030,148.8625,0,0,,,,,,,,,,
1031,148.8750,0,0,,,,,,,,,,
1032,148.8875,0,0,,,,,,,,,,
1033,148.9000,0,0,,,,,,,,,,
1034,148.9125,0,0,,,,,,,,,,
1035,148.9250,0,0,,,,,,,,,,
1036,148.9375,0,0,,,,,,,,,,
1037,148.9500,0,0,,,,,,,,,,
1038,148.9625,0,0,,,,,,,,,,
1039,148.9750,0,0,,,,,,,,,,
1040,148.9875,0,0,,,,,,,,,,
1041,149.0000,37,36,,,,,,,,,,
1042,149.0125,0,0,,,,,,,,,,
1043,149.0250,0,0,,,,,,,,,,
1044,149.0375,0,0,,,,,,,,,,
1045,149.0500,0,0,,,,,,,,,,
1046,149.0625,0,0,,,,,,,,,,
1047,149.0750,0,0,,,,,,,,,,
1048,149.0875,0,0,,,,,,,,,,
1049,149.1000,0,0,,,,,,,,,,
1050,149.1125,0,0,,,,,,,,,,
1051,149.1250,0,0,,,,,,,,,,
1052,149.1375,0,0,,,,,,,,,,
1053,149.1500,0,0,,,,,,,,,,
1054,149.1625,0,0,,,,,,,,,,
1055,149.1750,0,0,,,,,,,,,,
1056,149.1875,0,0,,,,,,,,,,
1057,149.2000,0,0,,,,,,,,,,
1058,149.2125,0,0,,,,,,,,,,
1059,149.2250,0,0,,,,,,,,,,
1060,149.2375,0,0,,,,,,,,,,
1061,149.2500,0,0,,,,,,,,,,
1062,149.2625,0,0,,,,,,,,,,
1063,149.2750,0,0,,,,,,,,,,
1064,149.2875,0,0,,,,,,,,,,
1065,149.3000,0,0,,,,,,,,,,
1066,149.3125,0,0,,,,,,,,,,
1067,149.3250,0,0,,,,,,,,,,
1068,149.3375,0,0,,,,,,,,,,
1069,149.3500,28,28,,,,,,,,,,
1070,149.3625,0,0,,,,,,,,,,
1071,149.3750,0,0,,,,,,,,,,
1072,149.3875,0,0,,,,,,,,,,
1073,149.4000,0,0,,,,,,,,,,
1074,149.4125,0,0,,,,,,,,,,
1075,149.4250,0,0,,,,,,,,,,
1076,149.4375,0,0,,,,,,,,,,
1077,149.4500,34,33,,,,,,,,,,
1078,149.4625,0,0,,,,,,,,,,
1079,149.4750,0,0,,,,,,,,,,
1080,149.4875,25,22,,,,,,,,,,
1081,149.5000,56,56,,,,,,,,,,
1082,149.5125,24,20,,,,,,,,,,
1083,149.5250,0,0,,,,,,,,,,
1084,149.5375,0,0,,,,,,,,,,
1085,149.5500,0,0,,,,,,,,,,
1086,149.5625,0,0,,,,,,,,,,
1087,149.5750,0,0,,,,,,,,,,
1088,149.5875,0,0,,,,,,,,,,
1089,149.6000,0,0,,,,,,,,,,
1090,149.6125,0,0,,,,,,,,,,
1091,149.6250,0,0,,,,,,,,,,
1092,149.6375,0,0,,,,,,,,,,
1093,149.6500,0,0,,,,,,,,,,
1094,149.6625,0,0,,,,,,,,,,
1095,149.6750,0,0,,,,,,,,,,
1096,149.6875,0,0,,,,,,,,,,
1097,149.7000,0,0,,,,,,,,,,
1098,149.7125,0,0,,,,,,,,,,
1099,149.7250,0,0,,,,,,,,,,
1100,149.7375,0,0,,,,,,,,,,
1101,149.7500,0,0,,,,,,,,,,
1102,149.7625,0,0,,,,,,,,,,
1103,149.7750,0,0,,,,,,,,,,
1104,149.7875,0,0,,,,,,,,,,
1105,149.8000,0,0,,,,,,,,,,
1106,149.8125,0,0,,,,,,,,,,
1107,149.8250,0,0,,,,,,,,,,
1108,149.8375,0,0,,,,,,,,,,
1109,149.8500,0,0,,,,,,,,,,
1110,149.8625,0,0,,,,,,,,,,
1111,149.8750,0,0,,,,,,,,,,
1112,149.8875,0,0,,,,,,,,,,
1113,149.9000,21,20,,,,,,,,,,
1114,149.9125,0,0,,,,,,,,,,
1115,149.9250,0,0,,,,,,,,,,
1116,149.9375,0,0,,,,,,,,,,
1117,149.9500,0,0,,,,,,,,,,
1118,149.9625,0,0,,,,,,,,,,
1119,149.9750,0,0,,,,,,,,,,
1120,149.9875,0,0,,,,,,,,,,
1121,150.0000,0,0,,,,,,,,,,
1122,150.0125,0,0,,,,,,,,,,
1123,150.0250,0,0,,,,,,,,,,
1124,150.0375,0,0,,,,,,,,,,
1125,150.0500,0,0,,,,,,,,,,
1126,150.0625,0,0,,,,,,,,,,
1127,150.0750,0,0,,,,,,,,,,
1128,150.0875,0,0,,,,,,,,,,
1129,150.1000,0,0,,,,,,,,,,
1130,150.1125,0,0,,,,,,,,,,
1131,150.1250,0,0,,,,,,,,,,
1132,150.1375,0,0,,,,,,,,,,
1133,150.1500,0,0,,,,,,,,,,
1134,150.1625,0,0,,,,,,,,,,
1135,150.1750,18,16,,,,,,,,,,
1136,150.1875,0,0,,,,,,,,,,
1137,150.2000,0,0,,,,,,,,,,
1138,150.2125,0,0,,,,,,,,,,
1139,150.2250,18,16,,,,,,,,,,
1140,150.2375,0,0,,,,,,,,,,
1141,150.2500,0,0,,,,,,,,,,
1142,150.2625,0,0,,,,,,,,,,
1143,150.2750,0,0,,,,,,,,,,
1144,150.2875,0,0,,,,,,,,,,
1145,150.3000,0,0,,,,,,,,,,
1146,150.3125,0,0,,,,,,,,,,
1147,150.3250,0,0,,,,,,,,,,
1148,150.3375,0,0,,,,,,,,,,
1149,150.3500,0,0,,,,,,,,,,
1150,150.3625,0,0,,,,,,,,,,
1151,150.3750,0,0,,,,,,,,,,
1152,150.3875,0,0,,,,,,,,,,
1153,150.4000,0,0,,,,,,,,,,
1154,150.4125,0,0,,,,,,,,,,
1155,150.4250,0,0,,,,,,,,,,
1156,150.4375,0,0,,,,,,,,,,
1157,150.4500,0,0,,,,,,,,,,
1158,150.4625,0,0,,,,,,,,,,
1159,150.4750,44,37,,,,,,,,,,
1160,150.4875,0,0,,,,,,,,,,
1161,150.5000,0,0,,,,,,,,,,
1162,150.5125,0,0,,,,,,,,,,
1163,150.5250,0,0,,,,,,,,,,
1164,150.5375,0,0,,,,,,,,,,
1165,150.5500,0,0,,,,,,,,,,
1166,150.5625,0,0,,,,,,,,,,
1167,150.5750,0,0,,,,,,,,,,
1168,150.5875,0,0,,,,,,,,,,
1169,150.6000,0,0,,,,,,,,,,
1170,150.6125,0,0,,,,,,,,,,
1171,150.6250,0,0,,,,,,,,,,
1172,150.6375,0,0,,,,,,,,,,
1173,150.6500,0,0,,,,,,,,,,
1174,150.6625,0,0,,,,,,,,,,
1175,150.6750,0,0,,,,,,,,,,
1176,150.6875,0,0,,,,,,,,,,
1177,150.7000,0,0,,,,,,,,,,
1178,150.7125,0,0,,,,,,,,,,
1179,150.7250,0,0,,,,,,,,,,
1180,150.7375,0,0,,,,,,,,,,
1181,150.7500,0,0,,,,,,,,,,
1182,150.7625,0,0,,,,,,,,,,
1183,150.7750,0,0,,,,,,,,,,
1184,150.7875,0,0,,,,,,,,,,
1185,150.8000,0,0,,,,,,,,,,
1186,150.8125,0,0,,,,,,,,,,
1187,150.8250,0,0,,,,,,,,,,
1188,150.8375,0,0,,,,,,,,,,
1189,150.8500,0,0,,,,,,,,,,
1190,150.8625,0,0,,,,,,,,,,
1191,150.8750,0,0,,,,,,,,,,
1192,150.8875,0,0,,,,,,,,,,
1193,150.9000,0,0,,,,,,,,,,
1194,150.9125,0,0,,,,,,,,,,
1195,150.9250,0,0,,,,,,,,,,
1196,150.9375,0,0,,,,,,,,,,
1197,150.9500,0,0,,,,,,,,,,
1198,150.9625,0,0,,,,,,,,,,
1199,150.9750,0,0,,,,,,,,,,
1200,150.9875,0,0,,,,,,,,,,
1201,151.0000,45,44,,,,,,,,,,
1202,151.0125,0,0,,,,,,,,,,
1203,151.0250,0,0,,,,,,,,,,
1204,151.0375,0,0,,,,,,,,,,
1205,151.0500,0,0,,,,,,,,,,
1206,151.0625,0,0,,,,,,,,,,
1207,151.0750,0,0,,,,,,,,,,
1208,151.0875,0,0,,,,,,,,,,
1209,151.1000,0,0,,,,,,,,,,
1210,151.1125,0,0,,,,,,,,,,
1211,151.1250,0,0,,,,,,,,,,
1212,151.1375,0,0,,,,,,,,,,
1213,151.1500,0,0,,,,,,,,,,
1214,151.1625,0,0,,,,,,,,,,
1215,151.1750,0,0,,,,,,,,,,
1216,151.1875,0,0,,,,,,,,,,
1217,151.2000,23,20,,,,,,,,,,
1218,151.2125,42,41,,,,,,,,,,
1219,151.2250,42,42,,,,,,,,,,
1220,151.2375,0,0,,,,,,,,,,
1221,151.2500,0,0,,,,,,,,,,
1222,151.2625,0,0,,,,,,,,,,
1223,151.2750,0,0,,,,,,,,,,
1224,151.2875,0,0,,,,,,,,,,
1225,151.3000,0,0,,,,,,,,,,
1226,151.3125,0,0,,,,,,,,,,
1227,151.3250,0,0,,,,,,,,,,
1228,151.3375,18,17,,,,,,,,,,
1229,151.3500,21,20,,,,,,,,,,
1230,151.3625,0,0,,,,,,,,,,
1231,151.3750,0,0,,,,,,,,,,
1232,151.3875,0,0,,,,,,,,,,
1233,151.4000,0,0,,,,,,,,,,
1234,151.4125,17,16,,,,,,,,,,
1235,151.4250,0,0,,,,,,,,,,
1236,151.4375,0,0,,,,,,,,,,
1237,151.4500,31,31,,,,,,,,,,
1238,151.4625,0,0,,,,,,,,,,
1239,151.4750,30,28,,,,,,,,,,
1240,151.4875,0,0,,,,,,,,,,
1241,151.5000,0,0,,,,,,,,,,
1242,151.5125,0,0,,,,,,,,,,
1243,151.5250,0,0,,,,,,,,,,
1244,151.5375,0,0,,,,,,,,,,
1245,151.5500,0,0,,,,,,,,,,
1246,151.5625,0,0,,,,,,,,,,
1247,151.5750,46,44,,,,,,,,,,
1248,151.5875,0,0,,,,,,,,,,
1249,151.6000,0,0,,,,,,,,,,
1250,151.6125,0,0,,,,,,,,,,
1251,151.6250,0,0,,,,,,,,,,
1252,151.6375,0,0,,,,,,,,,,
1253,151.6500,0,0,,,,,,,,,,
1254,151.6625,0,0,,,,,,,,,,
1255,151.6750,0,0,,,,,,,,,,
1256,151.6875,0,0,,,,,,,,,,
1257,151.7000,0,0,,,,,,,,,,
1258,151.7125,0,0,,,,,,,,,,
1259,151.7250,0,0,,,,,,,,,,
1260,151.7375,21,20,,,,,,,,,,
1261,151.7500,27,25,,,,,,,,,,
1262,151.7625,0,0,,,,,,,,,,
1263,151.7750,41,40,,,,,,,,,,
1264,151.7875,0,0,,,,,,,,,,
1265,151.8000,0,0,,,,,,,,,,
1266,151.8125,0,0,,,,,,,,,,
1267,151.8250,0,0,,,,,,,,,,
1268,151.8375,0,0,,,,,,,,,,
1269,151.8500,0,0,,,,,,,,,,
1270,151.8625,0,0,,,,,,,,,,
1271,151.8750,29,28,,,,,,,,,,
1272,151.8875,22,21,,,,,,,,,,
1273,151.9000,0,0,,,,,,,,,,
1274,151.9125,0,0,,,,,,,,,,
1275,151.9250,0,0,,,,,,,,,,
1276,151.9375,0,0,,,,,,,,,,
1277,151.9500,0,0,,,,,,,,,,
1278,151.9625,0,0,,,,,,,,,,
1279,151.9750,40,38,,,,,,,,,,
1280,151.9875,0,0,,,,,,,,,,
1281,152.0000,0,0,,,,,,,,,,
1282,152.0125,0,0,,,,,,,,,,
1283,152.0250,0,0,,,,,,,,,,
1284,152.0375,0,0,,,,,,,,,,
1285,152.0500,0,0,,,,,,,,,,
1286,152.0625,0,0,,,,,,,,,,
1287,152.0750,22,22,,,,,,,,,,
1288,152.0875,0,0,,,,,,,,,,
1289,152.1000,0,0,,,,,,,,,,
1290,152.1125,0,0,,,,,,,,,,
1291,152.1250,40,36,,,,,,,,,,
1292,152.1375,0,0,,,,,,,,,,
1293,152.1500,0,0,,,,,,,,,,
1294,152.1625,0,0,,,,,,,,,,
1295,152.1750,0,0,,,,,,,,,,
1296,152.1875,0,0,,,,,,,,,,
1297,152.2000,0,0,,,,,,,,,,
1298,152.2125,0,0,,,,,,,,,,
1299,152.2250,19,18,,,,,,,,,,
1300,152.2375,0,0,,,,,,,,,,
1301,152.2500,35,29,,,,,,,,,,
1302,152.2625,48,47,,,,,,,,,,
1303,152.2750,0,0,,,,,,,,,,
1304,152.2875,0,0,,,,,,,,,,
1305,152.3000,0,0,,,,,,,,,,
1306,152.3125,0,0,,,,,,,,,,
1307,152.3250,0,0,,,,,,,,,,
1308,152.3375,0,0,,,,,,,,,,
1309,152.3500,0,0,,,,,,,,,,
1310,152.3625,29,28,,,,,,,,,,
1311,152.3750,26,23,,,,,,,,,,
1312,152.3875,0,0,,,,,,,,,,
1313,152.4000,0,0,,,,,,,,,,
1314,152.4125,0,0,,,,,,,,,,
1315,152.4250,0,0,,,,,,,,,,
1316,152.4375,0,0,,,,,,,,,,
1317,152.4500,26,25,,,,,,,,,,
1318,152.4625,0,0,,,,,,,,,,
1319,152.4750,0,0,,,,,,,,,,
1320,152.4875,0,0,,,,,,,,,,
1321,152.5000,0,0,,,,,,,,,,
1322,152.5125,0,0,,,,,,,,,,
1323,152.5250,0,0,,,,,,,,,,
1324,152.5375,0,0,,,,,,,,,,
1325,152.5500,0,0,,,,,,,,,,
1326,152.5625,0,0,,,,,,,,,,
1327,152.5750,49,47,,,,,,,,,,
1328,152.5875,30,30,,,,,,,,,,
1329,152.6000,44,44,,,,,,,,,,
1330,152.6125,42,32,,,,,,,,,,
1331,152.6250,49,47,,,,,,,,,,
1332,152.6375,20,19,,,,,,,,,,
1333,152.6500,0,0,,,,,,,,,,
1334,152.6625,0,0,,,,,,,,,,
1335,152.6750,0,0,,,,,,,,,,
1336,152.6875,0,0,,,,,,,,,,
1337,152.7000,18,17,,,,,,,,,,
1338,152.7125,0,0,,,,,,,,,,
1339,152.7250,23,23,,,,,,,,,,
1340,152.7375,0,0,,,,,,,,,,
1341,152.7500,41,36,,,,,,,,,,
1342,152.7625,0,0,,,,,,,,,,
1343,152.7750,0,0,,,,,,,,,,
1344,152.7875,0,0,,,,,,,,,,
1345,152.8000,19,17,,,,,,,,,,
1346,152.8125,19,17,,,,,,,,,,
1347,152.8250,23,22,,,,,,,,,,
1348,152.8375,19,18,,,,,,,,,,
1349,152.8500,0,0,,,,,,,,,,
1350,152.8625,0,0,,,,,,,,,,
1351,152.8750,0,0,,,,,,,,,,
1352,152.8875,28,27,,,,,,,,,,
1353,152.9000,44,43,,,,,,,,,,
1354,152.9125,0,0,,,,,,,,,,
1355,152.9250,0,0,,,,,,,,,,
1356,152.9375,0,0,,,,,,,,,,
1357,152.9500,24,23,,,,,,,,,,
1358,152.9625,0,0,,,,,,,,,,
1359,152.9750,0,0,,,,,,,,,,
1360,152.9875,0,0,,,,,,,,,,
1361,153.0000,0,0,,,,,,,,,,
1362,153.0125,0,0,,,,,,,,,,
1363,153.0250,0,0,,,,,,,,,,
1364,153.0375,0,0,,,,,,,,,,
1365,153.0500,0,0,,,,,,,,,,
1366,153.0625,0,0,,,,,,,,,,
1367,153.0750,0,0,,,,,,,,,,
1368,153.0875,0,0,,,,,,,,,,
1369,153.1000,31,30,,,,,,,,,,
1370,153.1125,0,0,,,,,,,,,,
1371,153.1250,0,0,,,,,,,,,,
1372,153.1375,0,0,,,,,,,,,,
1373,153.1500,39,39,,,,,,,,,,
1374,153.1625,0,0,,,,,,,,,,
1375,153.1750,30,24,,,,,,,,,,
1376,153.1875,0,0,,,,,,,,,,
1377,153.2000,33,33,,,,,,,,,,
1378,153.2125,0,0,,,,,,,,,,
1379,153.2250,0,0,,,,,,,,,,
1380,153.2375,0,0,,,,,,,,,,
1381,153.2500,0,0,,,,,,,,,,
1382,153.2625,0,0,,,,,,,,,,
1383,153.2750,0,0,,,,,,,,,,
1384,153.2875,0,0,,,,,,,,,,
1385,153.3000,0,0,,,,,,,,,,
1386,153.3125,0,0,,,,,,,,,,
1387,153.3250,0,0,,,,,,,,,,
1388,153.3375,0,0,,,,,,,,,,
1389,153.3500,0,0,,,,,,,,,,
1390,153.3625,21,19,,,,,,,,,,
1391,153.3750,0,0,,,,,,,,,,
1392,153.3875,0,0,,,,,,,,,,
1393,153.4000,0,0,,,,,,,,,,
1394,153.4125,0,0,,,,,,,,,,
1395,153.4250,0,0,,,,,,,,,,
1396,153.4375,0,0,,,,,,,,,,
1397,153.4500,0,0,,,,,,,,,,
1398,153.4625,0,0,,,,,,,,,,
1399,153.4750,0,0,,,,,,,,,,
1400,153.4875,27,26,,,,,,,,,,
1401,153.5000,28,27,,,,,,,,,,
1402,153.5125,29,27,,,,,,,,,,
1403,153.5250,47,37,,,,,,,,,,
1404,153.5375,21,20,,,,,,,,,,
1405,153.5500,0,0,,,,,,,,,,
1406,153.5625,0,0,,,,,,,,,,
1407,153.5750,23,22,,,,,,,,,,
1408,153.5875,0,0,,,,,,,,,,
1409,153.6000,0,0,,,,,,,,,,
1410,153.6125,0,0,,,,,,,,,,
1411,153.6250,22,21,,,,,,,,,,
1412,153.6375,0,0,,,,,,,,,,
1413,153.6500,0,0,,,,,,,,,,
1414,153.6625,0,0,,,,,,,,,,
1415,153.6750,0,0,,,,,,,,,,
1416,153.6875,0,0,,,,,,,,,,
1417,153.7000,0,0,,,,,,,,,,
1418,153.7125,0,0,,,,,,,,,,
1419,153.7250,0,0,,,,,,,,,,
1420,153.7375,0,0,,,,,,,,,,
1421,153.7500,0,0,,,,,,,,,,
1422,153.7625,0,0,,,,,,,,,,
1423,153.7750,0,0,,,,,,,,,,
1424,153.7875,0,0,,,,,,,,,,
1425,153.8000,24,24,,,,,,,,,,
1426,153.8125,0,0,,,,,,,,,,
1427,153.8250,0,0,,,,,,,,,,
1428,153.8375,0,0,,,,,,,,,,
1429,153.8500,0,0,,,,,,,,,,
1430,153.8625,0,0,,,,,,,,,,
1431,153.8750,19,18,,,,,,,,,,
1432,153.8875,0,0,,,,,,,,,,
1433,153.9000,0,0,,,,,,,,,,
1434,153.9125,0,0,,,,,,,,,,
1435,153.9250,0,0,,,,,,,,,,
1436,153.9375,0,0,,,,,,,,,,
1437,153.9500,0,0,,,,,,,,,,
1438,153.9625,0,0,,,,,,,,,,
1439,153.9750,50,46,,,,,,,,,,
1440,153.9875,0,0,,,,,,,,,,
1441,154.0000,34,34,,,,,,,,,,
1442,154.0125,0,0,,,,,,,,,,
1443,154.0250,0,0,,,,,,,,,,
1444,154.0375,0,0,,,,,,,,,,
1445,154.0500,0,0,,,,,,,,,,
1446,154.0625,0,0,,,,,,,,,,
1447,154.0750,0,0,,,,,,,,,,
1448,154.0875,0,0,,,,,,,,,,
1449,154.1000,31,29,,,,,,,,,,
1450,154.1125,0,0,,,,,,,,,,
1451,154.1250,0,0,,,,,,,,,,
1452,154.1375,0,0,,,,,,,,,,
1453,154.1500,0,0,,,,,,,,,,
1454,154.1625,0,0,,,,,,,,,,
1455,154.1750,0,0,,,,,,,,,,
1456,154.1875,0,0,,,,,,,,,,
1457,154.2000,0,0,,,,,,,,,,
1458,154.2125,40,39,,,,,,,,,,
1459,154.2250,0,0,,,,,,,,,,
1460,154.2375,0,0,,,,,,,,,,
1461,154.2500,0,0,,,,,,,,,,
1462,154.2625,0,0,,,,,,,,,,
1463,154.2750,0,0,,,,,,,,,,
1464,154.2875,0,0,,,,,,,,,,
1465,154.3000,31,30,,,,,,,,,,
1466,154.3125,0,0,,,,,,,,,,
1467,154.3250,36,35,,,,,,,,,,
1468,154.3375,0,0,,,,,,,,,,
1469,154.3500,0,0,,,,,,,,,,
1470,154.3625,0,0,,,,,,,,,,
1471,154.3750,0,0,,,,,,,,,,
1472,154.3875,0,0,,,,,,,,,,
1473,154.4000,17,17,,,,,,,,,,
1474,154.4125,0,0,,,,,,,,,,
1475,154.4250,0,0,,,,,,,,,,
1476,154.4375,0,0,,,,,,,,,,
1477,154.4500,0,0,,,,,,,,,,
1478,154.4625,0,0,,,,,,,,,,
1479,154.4750,0,0,,,,,,,,,,
1480,154.4875,0,0,,,,,,,,,,
1481,154.5000,0,0,,,,,,,,,,
1482,154.5125,0,0,,,,,,,,,,
1483,154.5250,0,0,,,,,,,,,,
1484,154.5375,21,19,,,,,,,,,,
1485,154.5500,53,50,,,,,,,,,,
1486,154.5625,21,19,,,,,,,,,,
1487,154.5750,0,0,,,,,,,,,,
1488,154.5875,0,0,,,,,,,,,,
1489,154.6000,0,0,,,,,,,,,,
1490,154.6125,0,0,,,,,,,,,,
1491,154.6250,0,0,,,,,,,,,,
1492,154.6375,0,0,,,,,,,,,,
1493,154.6500,0,0,,,,,,,,,,
1494,154.6625,0,0,,,,,,,,,,
1495,154.6750,0,0,,,,,,,,,,
1496,154.6875,0,0,,,,,,,,,,
1497,154.7000,0,0,,,,,,,,,,
1498,154.7125,0,0,,,,,,,,,,
1499,154.7250,23,22,,,,,,,,,,
1500,154.7375,0,0,,,,,,,,,,
1501,154.7500,25,24,,,,,,,,,,
1502,154.7625,0,0,,,,,,,,,,
1503,154.7750,0,0,,,,,,,,,,
1504,154.7875,0,0,,,,,,,,,,
1505,154.8000,0,0,,,,,,,,,,
1506,154.8125,0,0,,,,,,,,,,
1507,154.8250,0,0,,,,,,,,,,
1508,154.8375,0,0,,,,,,,,,,
1509,154.8500,0,0,,,,,,,,,,
1510,154.8625,29,25,,,,,,,,,,
1511,154.8750,35,33,,,,,,,,,,
1512,154.8875,29,24,,,,,,,,,,
1513,154.9000,0,0,,,,,,,,,,
1514,154.9125,0,0,,,,,,,,,,
1515,154.9250,42,41,,,,,,,,,,
1516,154.9375,0,0,,,,,,,,,,
1517,154.9500,0,0,,,,,,,,,,
1518,154.9625,0,0,,,,,,,,,,
1519,154.9750,29,28,,,,,,,,,,
1520,154.9875,33,30,,,,,,,,,,
1521,155.0000,51,50,,,,,,,,,,
1522,155.0125,0,0,,,,,,,,,,
1523,155.0250,0,0,,,,,,,,,,
1524,155.0375,0,0,,,,,,,,,,
1525,155.0500,0,0,,,,,,,,,,
1526,155.0625,0,0,,,,,,,,,,
1527,155.0750,0,0,,,,,,,,,,
1528,155.0875,0,0,,,,,,,,,,
1529,155.1000,0,0,,,,,,,,,,
1530,155.1125,0,0,,,,,,,,,,
1531,155.1250,0,0,,,,,,,,,,
1532,155.1375,0,0,,,,,,,,,,
1533,155.1500,26,26,,,,,,,,,,
1534,155.1625,0,0,,,,,,,,,,
1535,155.1750,0,0,,,,,,,,,,
1536,155.1875,0,0,,,,,,,,,,
1537,155.2000,0,0,,,,,,,,,,
1538,155.2125,0,0,,,,,,,,,,
1539,155.2250,0,0,,,,,,,,,,
1540,155.2375,24,23,,,,,,,,,,
1541,155.2500,43,43,,,,,,,,,,
1542,155.2625,20,18,,,,,,,,,,
1543,155.2750,0,0,,,,,,,,,,
1544,155.2875,0,0,,,,,,,,,,
1545,155.3000,34,34,,,,,,,,,,
1546,155.3125,0,0,,,,,,,,,,
1547,155.3250,0,0,,,,,,,,,,
1548,155.3375,0,0,,,,,,,,,,
1549,155.3500,0,0,,,,,,,,,,
1550,155.3625,0,0,,,,,,,,,,
1551,155.3750,0,0,,,,,,,,,,
1552,155.3875,0,0,,,,,,,,,,
1553,155.4000,35,34,,,,,,,,,,
1554,155.4125,0,0,,,,,,,,,,
1555,155.4250,0,0,,,,,,,,,,
1556,155.4375,0,0,,,,,,,,,,
1557,155.4500,46,45,,,,,,,,,,
1558,155.4625,26,24,,,,,,,,,,
1559,155.4750,59,55,,,,,,,,,,
1560,155.4875,22,21,,,,,,,,,,
1561,155.5000,28,27,,,,,,,,,,
1562,155.5125,0,0,,,,,,,,,,
1563,155.5250,0,0,,,,,,,,,,
1564,155.5375,0,0,,,,,,,,,,
1565,155.5500,0,0,,,,,,,,,,
1566,155.5625,0,0,,,,,,,,,,
1567,155.5750,0,0,,,,,,,,,,
1568,155.5875,0,0,,,,,,,,,,
1569,155.6000,0,0,,,,,,,,,,
1570,155.6125,0,0,,,,,,,,,,
1571,155.6250,0,0,,,,,,,,,,
1572,155.6375,0,0,,,,,,,,,,
1573,155.6500,0,0,,,,,,,,,,
1574,155.6625,0,0,,,,,,,,,,
1575,155.6750,0,0,,,,,,,,,,
1576,155.6875,0,0,,,,,,,,,,
1577,155.7000,26,24,,,,,,,,,,
1578,155.7125,0,0,,,,,,,,,,
1579,155.7250,0,0,,,,,,,,,,
1580,155.7375,0,0,,,,,,,,,,
1581,155.7500,24,22,,,,,,,,,,
1582,155.7625,0,0,,,,,,,,,,
1583,155.7750,0,0,,,,,,,,,,
1584,155.7875,0,0,,,,,,,,,,
1585,155.8000,0,0,,,,,,,,,,
1586,155.8125,0,0,,,,,,,,,,
1587,155.8250,0,0,,,,,,,,,,
1588,155.8375,0,0,,,,,,,,,,
1589,155.8500,43,43,,,,,,,,,,
1590,155.8625,0,0,,,,,,,,,,
1591,155.8750,0,0,,,,,,,,,,
1592,155.8875,0,0,,,,,,,,,,
1593,155.9000,40,38,,,,,,,,,,
1594,155.9125,0,0,,,,,,,,,,
1595,155.9250,0,0,,,,,,,,,,
1596,155.9375,0,0,,,,,,,,,,
1597,155.9500,33,33,,,,,,,,,,
1598,155.9625,0,0,,,,,,,,,,
1599,155.9750,0,0,,,,,,,,,,
1600,155.9875,0,0,,,,,,,,,,
1601,156.0000,0,0,,,,,,,,,,
1602,156.0125,0,0,,,,,,,,,,
1603,156.0250,0,0,,,,,,,,,,
1604,156.0375,0,0,,,,,,,,,,
1605,156.0500,0,0,,,,,,,,,,
1606,156.0625,0,0,,,,,,,,,,
1607,156.0750,0,0,,,,,,,,,,
1608,156.0875,0,0,,,,,,,,,,
1609,156.1000,23,22,,,,,,,,,,
1610,156.1125,0,0,,,,,,,,,,
1611,156.1250,49,48,,,,,,,,,,
1612,156.1375,0,0,,,,,,,,,,
1613,156.1500,0,0,,,,,,,,,,
1614,156.1625,0,0,,,,,,,,,,
1615,156.1750,0,0,,,,,,,,,,
1616,156.1875,0,0,,,,,,,,,,
1617,156.2000,25,25,,,,,,,,,,
1618,156.2125,0,0,,,,,,,,,,
1619,156.2250,0,0,,,,,,,,,,
1620,156.2375,0,0,,,,,,,,,,
1621,156.2500,42,34,,,,,,,,,,
1622,156.2625,54,53,,,,,,,,,,
1623,156.2750,30,29,,,,,,,,,,
1624,156.2875,0,0,,,,,,,,,,
1625,156.3000,0,0,,,,,,,,,,
1626,156.3125,0,0,,,,,,,,,,
1627,156.3250,0,0,,,,,,,,,,
1628,156.3375,0,0,,,,,,,,,,
1629,156.3500,47,46,,,,,,,,,,
1630,156.3625,0,0,,,,,,,,,,
1631,156.3750,0,0,,,,,,,,,,
1632,156.3875,0,0,,,,,,,,,,
1633,156.4000,49,48,,,,,,,,,,
1634,156.4125,0,0,,,,,,,,,,
1635,156.4250,0,0,,,,,,,,,,
1636,156.4375,0,0,,,,,,,,,,
1637,156.4500,25,24,,,,,,,,,,
1638,156.4625,0,0,,,,,,,,,,
1639,156.4750,0,0,,,,,,,,,,
1640,156.4875,0,0,,,,,,,,,,
1641,156.5000,22,20,,,,,,,,,,
1642,156.5125,0,0,,,,,,,,,,
1643,156.5250,0,0,,,,,,,,,,
1644,156.5375,0,0,,,,,,,,,,
1645,156.5500,20,19,,,,,,,,,,
1646,156.5625,0,0,,,,,,,,,,
1647,156.5750,0,0,,,,,,,,,,
1648,156.5875,0,0,,,,,,,,,,
1649,156.6000,40,35,,,,,,,,,,
1650,156.6125,21,19,,,,,,,,,,
1651,156.6250,0,0,,,,,,,,,,
1652,156.6375,0,0,,,,,,,,,,
1653,156.6500,20,19,,,,,,,,,,
1654,156.6625,0,0,,,,,,,,,,
1655,156.6750,20,19,,,,,,,,,,
1656,156.6875,0,0,,,,,,,,,,
1657,156.7000,20,20,,,,,,,,,,
1658,156.7125,36,33,,,,,,,,,,
1659,156.7250,39,38,,,,,,,,,,
1660,156.7375,33,33,,,,,,,,,,
1661,156.7500,0,0,,,,,,,,,,
1662,156.7625,0,0,,,,,,,,,,
1663,156.7750,0,0,,,,,,,,,,
1664,156.7875,0,0,,,,,,,,,,
1665,156.8000,0,0,,,,,,,,,,
1666,156.8125,22,21,,,,,,,,,,
1667,156.8250,0,0,,,,,,,,,,
1668,156.8375,0,0,,,,,,,,,,
1669,156.8500,0,0,,,,,,,,,,
1670,156.8625,0,0,,,,,,,,,,
1671,156.8750,0,0,,,,,,,,,,
1672,156.8875,0,0,,,,,,,,,,
1673,156.9000,0,0,,,,,,,,,,
1674,156.9125,0,0,,,,,,,,,,
1675,156.9250,0,0,,,,,,,,,,
1676,156.9375,0,0,,,,,,,,,,
1677,156.9500,0,0,,,,,,,,,,
1678,156.9625,0,0,,,,,,,,,,
1679,156.9750,0,0,,,,,,,,,,
1680,156.9875,0,0,,,,,,,,,,
1681,157.0000,0,0,,,,,,,,,,
1682,157.0125,0,0,,,,,,,,,,
1683,157.0250,0,0,,,,,,,,,,
1684,157.0375,0,0,,,,,,,,,,
1685,157.0500,0,0,,,,,,,,,,
1686,157.0625,0,0,,,,,,,,,,
1687,157.0750,34,33,,,,,,,,,,
1688,157.0875,0,0,,,,,,,,,,
1689,157.1000,0,0,,,,,,,,,,
1690,157.1125,0,0,,,,,,,,,,
1691,157.1250,0,0,,,,,,,,,,
1692,157.1375,0,0,,,,,,,,,,
1693,157.1500,0,0,,,,,,,,,,
1694,157.1625,0,0,,,,,,,,,,
1695,157.1750,37,30,,,,,,,,,,
1696,157.1875,31,25,,,,,,,,,,
1697,157.2000,28,27,,,,,,,,,,
1698,157.2125,0,0,,,,,,,,,,
1699,157.2250,36,29,,,,,,,,,,
1700,157.2375,22,22,,,,,,,,,,
1701,157.2500,0,0,,,,,,,,,,
1702,157.2625,0,0,,,,,,,,,,
1703,157.2750,0,0,,,,,,,,,,
1704,157.2875,0,0,,,,,,,,,,
1705,157.3000,0,0,,,,,,,,,,
1706,157.3125,0,0,,,,,,,,,,
1707,157.3250,0,0,,,,,,,,,,
1708,157.3375,0,0,,,,,,,,,,
1709,157.3500,0,0,,,,,,,,,,
1710,157.3625,0,0,,,,,,,,,,
1711,157.3750,0,0,,,,,,,,,,
1712,157.3875,0,0,,,,,,,,,,
1713,157.4000,0,0,,,,,,,,,,
1714,157.4125,0,0,,,,,,,,,,
1715,157.4250,0,0,,,,,,,,,,
1716,157.4375,0,0,,,,,,,,,,
1717,157.4500,0,0,,,,,,,,,,
1718,157.4625,0,0,,,,,,,,,,
1719,157.4750,0,0,,,,,,,,,,
1720,157.4875,0,0,,,,,,,,,,
1721,157.5000,0,0,,,,,,,,,,
1722,157.5125,0,0,,,,,,,,,,
1723,157.5250,0,0,,,,,,,,,,
1724,157.5375,0,0,,,,,,,,,,
1725,157.5500,0,0,,,,,,,,,,
1726,157.5625,0,0,,,,,,,,,,
1727,157.5750,0,0,,,,,,,,,,
1728,157.5875,0,0,,,,,,,,,,
1729,157.6000,0,0,,,,,,,,,,
1730,157.6125,0,0,,,,,,,,,,
1731,157.6250,0,0,,,,,,,,,,
1732,157.6375,0,0,,,,,,,,,,
1733,157.6500,0,0,,,,,,,,,,
1734,157.6625,0,0,,,,,,,,,,
1735,157.6750,0,0,,,,,,,,,,
1736,157.6875,0,0,,,,,,,,,,
1737,157.7000,0,0,,,,,,,,,,
1738,157.7125,0,0,,,,,,,,,,
1739,157.7250,0,0,,,,,,,,,,
1740,157.7375,0,0,,,,,,,,,,
1741,157.7500,0,0,,,,,,,,,,
1742,157.7625,23,23,,,,,,,,,,
1743,157.7750,46,45,,,,,,,,,,
1744,157.7875,51,46,,,,,,,,,,
1745,157.8000,73,72,,,,,,,,,,
1746,157.8125,45,39,,,,,,,,,,
1747,157.8250,41,34,,,,,,,,,,
1748,157.8375,31,25,,,,,,,,,,
1749,157.8500,30,20,,,,,,,,,,
1750,157.8625,29,29,,,,,,,,,,
1751,157.8750,27,25,,,,,,,,,,
1752,157.8875,26,26,,,,,,,,,,
1753,157.9000,25,25,,,,,,,,,,
1754,157.9125,0,0,,,,,,,,,,
1755,157.9250,0,0,,,,,,,,,,
1756,157.9375,0,0,,,,,,,,,,
1757,157.9500,0,0,,,,,,,,,,
1758,157.9625,0,0,,,,,,,,,,
1759,157.9750,0,0,,,,,,,,,,
1760,157.9875,0,0,,,,,,,,,,
1761,158.0000,30,29,,,,,,,,,,
1762,158.0125,27,27,,,,,,,,,,
1763,158.0250,28,26,,,,,,,,,,
1764,158.0375,0,0,,,,,,,,,,
1765,158.0500,0,0,,,,,,,,,,
1766,158.0625,0,0,,,,,,,,,,
1767,158.0750,0,0,,,,,,,,,,
1768,158.0875,0,0,,,,,,,,,,
1769,158.1000,0,0,,,,,,,,,,
1770,158.1125,0,0,,,,,,,,,,
1771,158.1250,0,0,,,,,,,,,,
1772,158.1375,0,0,,,,,,,,,,
1773,158.1500,0,0,,,,,,,,,,
1774,158.1625,0,0,,,,,,,,,,
1775,158.1750,0,0,,,,,,,,,,
1776,158.1875,0,0,,,,,,,,,,
1777,158.2000,0,0,,,,,,,,,,
1778,158.2125,0,0,,,,,,,,,,
1779,158.2250,0,0,,,,,,,,,,
1780,158.2375,0,0,,,,,,,,,,
1781,158.2500,0,0,,,,,,,,,,
1782,158.2625,0,0,,,,,,,,,,
1783,158.2750,0,0,,,,,,,,,,
1784,158.2875,0,0,,,,,,,,,,
1785,158.3000,0,0,,,,,,,,,,
1786,158.3125,0,0,,,,,,,,,,
1787,158.3250,0,0,,,,,,,,,,
1788,158.3375,0,0,,,,,,,,,,
1789,158.3500,0,0,,,,,,,,,,
1790,158.3625,0,0,,,,,,,,,,
1791,158.3750,0,0,,,,,,,,,,
1792,158.3875,0,0,,,,,,,,,,
1793,158.4000,0,0,,,,,,,,,,
1794,158.4125,0,0,,,,,,,,,,
1795,158.4250,0,0,,,,,,,,,,
1796,158.4375,0,0,,,,,,,,,,
1797,158.4500,0,0,,,,,,,,,,
1798,158.4625,0,0,,,,,,,,,,
1799,158.4750,0,0,,,,,,,,,,
1800,158.4875,0,0,,,,,,,,,,
1801,158.5000,0,0,,,,,,,,,,
1802,158.5125,0,0,,,,,,,,,,
1803,158.5250,0,0,,,,,,,,,,
1804,158.5375,0,0,,,,,,,,,,
1805,158.5500,0,0,,,,,,,,,,
1806,158.5625,0,0,,,,,,,,,,
1807,158.5750,0,0,,,,,,,,,,
1808,158.5875,0,0,,,,,,,,,,
1809,158.6000,0,0,,,,,,,,,,
1810,158.6125,0,0,,,,,,,,,,
1811,158.6250,0,0,,,,,,,,,,
1812,158.6375,0,0,,,,,,,,,,
1813,158.6500,0,0,,,,,,,,,,
1814,158.6625,0,0,,,,,,,,,,
1815,158.6750,0,0,,,,,,,,,,
1816,158.6875,0,0,,,,,,,,,,
1817,158.7000,0,0,,,,,,,,,,
1818,158.7125,0,0,,,,,,,,,,
1819,158.7250,0,0,,,,,,,,,,
1820,158.7375,0,0,,,,,,,,,,
1821,158.7500,0,0,,,,,,,,,,
1822,158.7625,0,0,,,,,,,,,,
1823,158.7750,0,0,,,,,,,,,,
1824,158.7875,0,0,,,,,,,,,,
1825,158.8000,0,0,,,,,,,,,,
1826,158.8125,0,0,,,,,,,,,,
1827,158.8250,0,0,,,,,,,,,,
1828,158.8375,0,0,,,,,,,,,,
1829,158.8500,0,0,,,,,,,,,,
1830,158.8625,0,0,,,,,,,,,,
1831,158.8750,0,0,,,,,,,,,,
1832,158.8875,0,0,,,,,,,,,,
1833,158.9000,0,0,,,,,,,,,,
1834,158.9125,0,0,,,,,,,,,,
1835,158.9250,0,0,,,,,,,,,,
1836,158.9375,0,0,,,,,,,,,,
1837,158.9500,0,0,,,,,,,,,,
1838,158.9625,0,0,,,,,,,,,,
1839,158.9750,0,0,,,,,,,,,,
1840,158.9875,0,0,,,,,,,,,,
1841,159.0000,0,0,,,,,,,,,,
1842,159.0125,0,0,,,,,,,,,,
1843,159.0250,0,0,,,,,,,,,,
1844,159.0375,0,0,,,,,,,,,,
1845,159.0500,0,0,,,,,,,,,,
1846,159.0625,0,0,,,,,,,,,,
1847,159.0750,0,0,,,,,,,,,,
1848,159.0875,0,0,,,,,,,,,,
1849,159.1000,39,38,,,,,,,,,,
1850,159.1125,0,0,,,,,,,,,,
1851,159.1250,0,0,,,,,,,,,,
1852,159.1375,0,0,,,,,,,,,,
1853,159.1500,24,24,,,,,,,,,,
1854,159.1625,0,0,,,,,,,,,,
1855,159.1750,0,0,,,,,,,,,,
1856,159.1875,0,0,,,,,,,,,,
1857,159.2000,0,0,,,,,,,,,,
1858,159.2125,0,0,,,,,,,,,,
1859,159.2250,21,20,,,,,,,,,,
1860,159.2375,0,0,,,,,,,,,,
1861,159.2500,0,0,,,,,,,,,,
1862,159.2625,0,0,,,,,,,,,,
1863,159.2750,0,0,,,,,,,,,,
1864,159.2875,0,0,,,,,,,,,,
1865,159.3000,0,0,,,,,,,,,,
1866,159.3125,0,0,,,,,,,,,,
1867,159.3250,0,0,,,,,,,,,,
1868,159.3375,0,0,,,,,,,,,,
1869,159.3500,0,0,,,,,,,,,,
1870,159.3625,0,0,,,,,,,,,,
1871,159.3750,0,0,,,,,,,,,,
1872,159.3875,0,0,,,,,,,,,,
1873,159.4000,0,0,,,,,,,,,,
1874,159.4125,0,0,,,,,,,,,,
1875,159.4250,0,0,,,,,,,,,,
1876,159.4375,0,0,,,,,,,,,,
1877,159.4500,0,0,,,,,,,,,,
1878,159.4625,0,0,,,,,,,,,,
1879,159.4750,0,0,,,,,,,,,,
1880,159.4875,0,0,,,,,,,,,,
1881,159.5000,0,0,,,,,,,,,,
1882,159.5125,0,0,,,,,,,,,,
1883,159.5250,0,0,,,,,,,,,,
1884,159.5375,0,0,,,,,,,,,,
1885,159.5500,0,0,,,,,,,,,,
1886,159.5625,0,0,,,,,,,,,,
1887,159.5750,0,0,,,,,,,,,,
1888,159.5875,0,0,,,,,,,,,,
1889,159.6000,0,0,,,,,,,,,,
1890,159.6125,0,0,,,,,,,,,,
1891,159.6250,0,0,,,,,,,,,,
1892,159.6375,0,0,,,,,,,,,,
1893,159.6500,0,0,,,,,,,,,,
1894,159.6625,0,0,,,,,,,,,,
1895,159.6750,0,0,,,,,,,,,,
1896,159.6875,0,0,,,,,,,,,,
1897,159.7000,0,0,,,,,,,,,,
1898,159.7125,0,0,,,,,,,,,,
1899,159.7250,0,0,,,,,,,,,,
1900,159.7375,0,0,,,,,,,,,,
1901,159.7500,0,0,,,,,,,,,,
1902,159.7625,0,0,,,,,,,,,,
1903,159.7750,0,0,,,,,,,,,,
1904,159.7875,0,0,,,,,,,,,,
1905,159.8000,24,24,,,,,,,,,,
1906,159.8125,0,0,,,,,,,,,,
1907,159.8250,0,0,,,,,,,,,,
1908,159.8375,0,0,,,,,,,,,,
1909,159.8500,0,0,,,,,,,,,,
1910,159.8625,0,0,,,,,,,,,,
1911,159.8750,0,0,,,,,,,,,,
1912,159.8875,0,0,,,,,,,,,,
1913,159.9000,42,40,,,,,,,,,,
1914,159.9125,0,0,,,,,,,,,,
1915,159.9250,0,0,,,,,,,,,,
1916,159.9375,0,0,,,,,,,,,,
1917,159.9500,0,0,,,,,,,,,,
1918,159.9625,0,0,,,,,,,,,,
1919,159.9750,26,25,,,,,,,,,,
1920,159.9875,0,0,,,,,,,,,,
1921,160.0000,0,0,,,,,,,,,,
1922,160.0125,0,0,,,,,,,,,,
1923,160.0250,0,0,,,,,,,,,,
1924,160.0375,0,0,,,,,,,,,,
1925,160.0500,0,0,,,,,,,,,,
1926,160.0625,0,0,,,,,,,,,,
1927,160.0750,0,0,,,,,,,,,,
1928,160.0875,0,0,,,,,,,,,,
1929,160.1000,0,0,,,,,,,,,,
1930,160.1125,0,0,,,,,,,,,,
1931,160.1250,0,0,,,,,,,,,,
1932,160.1375,0,0,,,,,,,,,,
1933,160.1500,0,0,,,,,,,,,,
1934,160.1625,0,0,,,,,,,,,,
1935,160.1750,0,0,,,,,,,,,,
1936,160.1875,0,0,,,,,,,,,,
1937,160.2000,0,0,,,,,,,,,,
1938,160.2125,0,0,,,,,,,,,,
1939,160.2250,0,0,,,,,,,,,,
1940,160.2375,0,0,,,,,,,,,,
1941,160.2500,0,0,,,,,,,,,,
1942,160.2625,0,0,,,,,,,,,,
1943,160.2750,0,0,,,,,,,,,,
1944,160.2875,0,0,,,,,,,,,,
1945,160.3000,0,0,,,,,,,,,,
1946,160.3125,0,0,,,,,,,,,,
1947,160.3250,0,0,,,,,,,,,,
1948,160.3375,0,0,,,,,,,,,,
1949,160.3500,0,0,,,,,,,,,,
1950,160.3625,0,0,,,,,,,,,,
1951,160.3750,0,0,,,,,,,,,,
1952,160.3875,0,0,,,,,,,,,,
1953,160.4000,0,0,,,,,,,,,,
1954,160.4125,0,0,,,,,,,,,,
1955,160.4250,0,0,,,,,,,,,,
1956,160.4375,0,0,,,,,,,,,,
1957,160.4500,0,0,,,,,,,,,,
1958,160.4625,0,0,,,,,,,,,,
1959,160.4750,0,0,,,,,,,,,,
1960,160.4875,0,0,,,,,,,,,,
1961,160.5000,37,36,,,,,,,,,,
1962,160.5125,0,0,,,,,,,,,,
1963,160.5250,0,0,,,,,,,,,,
1964,160.5375,0,0,,,,,,,,,,
1965,160.5500,36,36,,,,,,,,,,
1966,160.5625,0,0,,,,,,,,,,
1967,160.5750,0,0,,,,,,,,,,
1968,160.5875,0,0,,,,,,,,,,
1969,160.6000,0,0,,,,,,,,,,
1970,160.6125,0,0,,,,,,,,,,
1971,160.6250,0,0,,,,,,,,,,
1972,160.6375,0,0,,,,,,,,,,
1973,160.6500,0,0,,,,,,,,,,
1974,160.6625,0,0,,,,,,,,,,
1975,160.6750,0,0,,,,,,,,,,
1976,160.6875,23,22,,,,,,,,,,
1977,160.7000,0,0,,,,,,,,,,
1978,160.7125,0,0,,,,,,,,,,
1979,160.7250,0,0,,,,,,,,,,
1980,160.7375,0,0,,,,,,,,,,
1981,160.7500,0,0,,,,,,,,,,
1982,160.7625,0,0,,,,,,,,,,
1983,160.7750,0,0,,,,,,,,,,
1984,160.7875,0,0,,,,,,,,,,
1985,160.8000,0,0,,,,,,,,,,
1986,160.8125,0,0,,,,,,,,,,
1987,160.8250,0,0,,,,,,,,,,
1988,160.8375,0,0,,,,,,,,,,
1989,160.8500,0,0,,,,,,,,,,
1990,160.8625,0,0,,,,,,,,,,
1991,160.8750,0,0,,,,,,,,,,
1992,160.8875,0,0,,,,,,,,,,
1993,160.9000,0,0,,,,,,,,,,
1994,160.9125,0,0,,,,,,,,,,
1995,160.9250,0,0,,,,,,,,,,
1996,160.9375,0,0,,,,,,,,,,
1997,160.9500,0,0,,,,,,,,,,
1998,160.9625,0,0,,,,,,,,,,
1999,160.9750,0,0,,,,,,,,,,
2000,160.9875,0,0,,,,,,,,,,
2001,161.0000,0,0,,,,,,,,,,
2002,161.0125,0,0,,,,,,,,,,
2003,161.0250,0,0,,,,,,,,,,
2004,161.0375,0,0,,,,,,,,,,
2005,161.0500,0,0,,,,,,,,,,
2006,161.0625,0,0,,,,,,,,,,
2007,161.0750,0,0,,,,,,,,,,
2008,161.0875,0,0,,,,,,,,,,
2009,161.1000,0,0,,,,,,,,,,
2010,161.1125,0,0,,,,,,,,,,
2011,161.1250,0,0,,,,,,,,,,
2012,161.1375,0,0,,,,,,,,,,
2013,161.1500,0,0,,,,,,,,,,
2014,161.1625,0,0,,,,,,,,,,
2015,161.1750,0,0,,,,,,,,,,
2016,161.1875,0,0,,,,,,,,,,
2017,161.2000,0,0,,,,,,,,,,
2018,161.2125,0,0,,,,,,,,,,
2019,161.2250,0,0,,,,,,,,,,
2020,161.2375,0,0,,,,,,,,,,
2021,161.2500,0,0,,,,,,,,,,
2022,161.2625,0,0,,,,,,,,,,
2023,161.2750,0,0,,,,,,,,,,
2024,161.2875,0,0,,,,,,,,,,
2025,161.3000,0,0,,,,,,,,,,
2026,161.3125,0,0,,,,,,,,,,
2027,161.3250,0,0,,,,,,,,,,
2028,161.3375,0,0,,,,,,,,,,
2029,161.3500,47,46,,,,,,,,,,
2030,161.3625,0,0,,,,,,,,,,
2031,161.3750,0,0,,,,,,,,,,
2032,161.3875,0,0,,,,,,,,,,
2033,161.4000,0,0,,,,,,,,,,
2034,161.4125,0,0,,,,,,,,,,
2035,161.4250,0,0,,,,,,,,,,
2036,161.4375,0,0,,,,,,,,,,
2037,161.4500,0,0,,,,,,,,,,
2038,161.4625,0,0,,,,,,,,,,
2039,161.4750,0,0,,,,,,,,,,
2040,161.4875,0,0,,,,,,,,,,
2041,161.5000,0,0,,,,,,,,,,
2042,161.5125,0,0,,,,,,,,,,
2043,161.5250,0,0,,,,,,,,,,
2044,161.5375,0,0,,,,,,,,,,
2045,161.5500,25,25,,,,,,,,,,
2046,161.5625,0,0,,,,,,,,,,
2047,161.5750,0,0,,,,,,,,,,
2048,161.5875,0,0,,,,,,,,,,
2049,161.6000,33,33,,,,,,,,,,
2050,161.6125,28,26,,,,,,,,,,
2051,161.6250,0,0,,,,,,,,,,
2052,161.6375,29,29,,,,,,,,,,
2053,161.6500,0,0,,,,,,,,,,
2054,161.6625,0,0,,,,,,,,,,
2055,161.6750,0,0,,,,,,,,,,
2056,161.6875,0,0,,,,,,,,,,
2057,161.7000,38,32,,,,,,,,,,
2058,161.7125,53,53,,,,,,,,,,
2059,161.7250,40,40,,,,,,,,,,
2060,161.7375,0,0,,,,,,,,,,
2061,161.7500,0,0,,,,,,,,,,
2062,161.7625,0,0,,,,,,,,,,
2063,161.7750,0,0,,,,,,,,,,
2064,161.7875,0,0,,,,,,,,,,
2065,161.8000,0,0,,,,,,,,,,
2066,161.8125,29,27,,,,,,,,,,
2067,161.8250,30,27,,,,,,,,,,
2068,161.8375,0,0,,,,,,,,,,
2069,161.8500,25,23,,,,,,,,,,
2070,161.8625,23,22,,,,,,,,,,
2071,161.8750,0,0,,,,,,,,,,
2072,161.8875,0,0,,,,,,,,,,
2073,161.9000,0,0,,,,,,,,,,
2074,161.9125,0,0,,,,,,,,,,
2075,161.9250,0,0,,,,,,,,,,
2076,161.9375,0,0,,,,,,,,,,
2077,161.9500,0,0,,,,,,,,,,
2078,161.9625,0,0,,,,,,,,,,
2079,161.9750,0,0,,,,,,,,,,
2080,161.9875,0,0,,,,,,,,,,
2081,162.0000,28,26,,,,,,,,,,
2082,162.0125,0,0,,,,,,,,,,
2083,162.0250,20,20,,,,,,,,,,
2084,162.0375,0,0,,,,,,,,,,
2085,162.0500,0,0,,,,,,,,,,
2086,162.0625,0,0,,,,,,,,,,
2087,162.0750,0,0,,,,,,,,,,
2088,162.0875,0,0,,,,,,,,,,
2089,162.1000,31,30,,,,,,,,,,
2090,162.1125,0,0,,,,,,,,,,
2091,162.1250,0,0,,,,,,,,,,
2092,162.1375,0,0,,,,,,,,,,
2093,162.1500,25,24,,,,,,,,,,
2094,162.1625,0,0,,,,,,,,,,
2095,162.1750,0,0,,,,,,,,,,
2096,162.1875,0,0,,,,,,,,,,
2097,162.2000,0,0,,,,,,,,,,
2098,162.2125,0,0,,,,,,,,,,
2099,162.2250,0,0,,,,,,,,,,
2100,162.2375,0,0,,,,,,,,,,
2101,162.2500,0,0,,,,,,,,,,
2102,162.2625,0,0,,,,,,,,,,
2103,162.2750,37,36,,,,,,,,,,
2104,162.2875,0,0,,,,,,,,,,
2105,162.3000,44,43,,,,,,,,,,
2106,162.3125,0,0,,,,,,,,,,
2107,162.3250,30,27,,,,,,,,,,
2108,162.3375,23,22,,,,,,,,,,
2109,162.3500,0,0,,,,,,,,,,
2110,162.3625,0,0,,,,,,,,,,
2111,162.3750,31,30,,,,,,,,,,
2112,162.3875,0,0,,,,,,,,,,
2113,162.4000,0,0,,,,,,,,,,
2114,162.4125,0,0,,,,,,,,,,
2115,162.4250,0,0,,,,,,,,,,
2116,162.4375,0,0,,,,,,,,,,
2117,162.4500,0,0,,,,,,,,,,
2118,162.4625,0,0,,,,,,,,,,
2119,162.4750,0,0,,,,,,,,,,
2120,162.4875,0,0,,,,,,,,,,
2121,162.5000,0,0,,,,,,,,,,
2122,162.5125,0,0,,,,,,,,,,
2123,162.5250,0,0,,,,,,,,,,
2124,162.5375,23,20,,,,,,,,,,
2125,162.5500,49,38,,,,,,,,,,
2126,162.5625,0,0,,,,,,,,,,
2127,162.5750,0,0,,,,,,,,,,
2128,162.5875,0,0,,,,,,,,,,
2129,162.6000,0,0,,,,,,,,,,
2130,162.6125,0,0,,,,,,,,,,
2131,162.6250,22,21,,,,,,,,,,
2132,162.6375,0,0,,,,,,,,,,
2133,162.6500,26,26,,,,,,,,,,
2134,162.6625,0,0,,,,,,,,,,
2135,162.6750,25,22,,,,,,,,,,
2136,162.6875,0,0,,,,,,,,,,
2137,162.7000,0,0,,,,,,,,,,
2138,162.7125,0,0,,,,,,,,,,
2139,162.7250,0,0,,,,,,,,,,
2140,162.7375,0,0,,,,,,,,,,
2141,162.7500,0,0,,,,,,,,,,
2142,162.7625,0,0,,,,,,,,,,
2143,162.7750,0,0,,,,,,,,,,
2144,162.7875,0,0,,,,,,,,,,
2145,162.8000,22,20,,,,,,,,,,
2146,162.8125,0,0,,,,,,,,,,
2147,162.8250,44,43,,,,,,,,,,
2148,162.8375,0,0,,,,,,,,,,
2149,162.8500,0,0,,,,,,,,,,
2150,162.8625,0,0,,,,,,,,,,
2151,162.8750,0,0,,,,,,,,,,
2152,162.8875,0,0,,,,,,,,,,
2153,162.9000,0,0,,,,,,,,,,
2154,162.9125,0,0,,,,,,,,,,
2155,162.9250,0,0,,,,,,,,,,
2156,162.9375,0,0,,,,,,,,,,
2157,162.9500,0,0,,,,,,,,,,
2158,162.9625,0,0,,,,,,,,,,
2159,162.9750,0,0,,,,,,,,,,
2160,162.9875,0,0,,,,,,,,,,
2161,163.0000,0,0,,,,,,,,,,
2162,163.0125,0,0,,,,,,,,,,
2163,163.0250,0,0,,,,,,,,,,
2164,163.0375,0,0,,,,,,,,,,
2165,163.0500,0,0,,,,,,,,,,
2166,163.0625,0,0,,,,,,,,,,
2167,163.0750,0,0,,,,,,,,,,
2168,163.0875,0,0,,,,,,,,,,
2169,163.1000,0,0,,,,,,,,,,
2170,163.1125,0,0,,,,,,,,,,
2171,163.1250,0,0,,,,,,,,,,
2172,163.1375,0,0,,,,,,,,,,
2173,163.1500,0,0,,,,,,,,,,
2174,163.1625,0,0,,,,,,,,,,
2175,163.1750,0,0,,,,,,,,,,
2176,163.1875,0,0,,,,,,,,,,
2177,163.2000,0,0,,,,,,,,,,
2178,163.2125,0,0,,,,,,,,,,
2179,163.2250,0,0,,,,,,,,,,
2180,163.2375,0,0,,,,,,,,,,
2181,163.2500,0,0,,,,,,,,,,
2182,163.2625,0,0,,,,,,,,,,
2183,163.2750,0,0,,,,,,,,,,
2184,163.2875,0,0,,,,,,,,,,
2185,163.3000,0,0,,,,,,,,,,
2186,163.3125,0,0,,,,,,,,,,
2187,163.3250,0,0,,,,,,,,,,
2188,163.3375,0,0,,,,,,,,,,
2189,163.3500,0,0,,,,,,,,,,
2190,163.3625,0,0,,,,,,,,,,
2191,163.3750,0,0,,,,,,,,,,
2192,163.3875,0,0,,,,,,,,,,
2193,163.4000,0,0,,,,,,,,,,
2194,163.4125,0,0,,,,,,,,,,
2195,163.4250,0,0,,,,,,,,,,
2196,163.4375,0,0,,,,,,,,,,
2197,163.4500,0,0,,,,,,,,,,
2198,163.4625,0,0,,,,,,,,,,
2199,163.4750,0,0,,,,,,,,,,
2200,163.4875,0,0,,,,,,,,,,
2201,163.5000,0,0,,,,,,,,,,
2202,163.5125,0,0,,,,,,,,,,
2203,163.5250,0,0,,,,,,,,,,
2204,163.5375,0,0,,,,,,,,,,
2205,163.5500,0,0,,,,,,,,,,
2206,163.5625,0,0,,,,,,,,,,
2207,163.5750,0,0,,,,,,,,,,
2208,163.5875,0,0,,,,,,,,,,
2209,163.6000,0,0,,,,,,,,,,
2210,163.6125,0,0,,,,,,,,,,
2211,163.6250,0,0,,,,,,,,,,
2212,163.6375,0,0,,,,,,,,,,
2213,163.6500,0,0,,,,,,,,,,
2214,163.6625,0,0,,,,,,,,,,
2215,163.6750,0,0,,,,,,,,,,
2216,163.6875,0,0,,,,,,,,,,
2217,163.7000,0,0,,,,,,,,,,
2218,163.7125,0,0,,,,,,,,,,
2219,163.7250,0,0,,,,,,,,,,
2220,163.7375,0,0,,,,,,,,,,
2221,163.7500,0,0,,,,,,,,,,
2222,163.7625,0,0,,,,,,,,,,
2223,163.7750,0,0,,,,,,,,,,
2224,163.7875,0,0,,,,,,,,,,
2225,163.8000,0,0,,,,,,,,,,
2226,163.8125,0,0,,,,,,,,,,
2227,163.8250,0,0,,,,,,,,,,
2228,163.8375,0,0,,,,,,,,,,
2229,163.8500,0,0,,,,,,,,,,
2230,163.8625,0,0,,,,,,,,,,
2231,163.8750,0,0,,,,,,,,,,
2232,163.8875,0,0,,,,,,,,,,
2233,163.9000,0,0,,,,,,,,,,
2234,163.9125,0,0,,,,,,,,,,
2235,163.9250,0,0,,,,,,,,,,
2236,163.9375,0,0,,,,,,,,,,
2237,163.9500,0,0,,,,,,,,,,
2238,163.9625,0,0,,,,,,,,,,
2239,163.9750,0,0,,,,,,,,,,
2240,163.9875,0,0,,,,,,,,,,
2241,164.0000,0,0,,,,,,,,,,
2242,164.0125,0,0,,,,,,,,,,
2243,164.0250,0,0,,,,,,,,,,
2244,164.0375,0,0,,,,,,,,,,
2245,164.0500,0,0,,,,,,,,,,
2246,164.0625,0,0,,,,,,,,,,
2247,164.0750,0,0,,,,,,,,,,
2248,164.0875,0,0,,,,,,,,,,
2249,164.1000,0,0,,,,,,,,,,
2250,164.1125,0,0,,,,,,,,,,
2251,164.1250,38,37,,,,,,,,,,
2252,164.1375,0,0,,,,,,,,,,
2253,164.1500,0,0,,,,,,,,,,
2254,164.1625,0,0,,,,,,,,,,
2255,164.1750,0,0,,,,,,,,,,
2256,164.1875,0,0,,,,,,,,,,
2257,164.2000,32,31,,,,,,,,,,
2258,164.2125,0,0,,,,,,,,,,
2259,164.2250,0,0,,,,,,,,,,
2260,164.2375,0,0,,,,,,,,,,
2261,164.2500,0,0,,,,,,,,,,
2262,164.2625,0,0,,,,,,,,,,
2263,164.2750,0,0,,,,,,,,,,
2264,164.2875,0,0,,,,,,,,,,
2265,164.3000,44,43,,,,,,,,,,
2266,164.3125,0,0,,,,,,,,,,
2267,164.3250,0,0,,,,,,,,,,
2268,164.3375,0,0,,,,,,,,,,
2269,164.3500,0,0,,,,,,,,,,
2270,164.3625,0,0,,,,,,,,,,
2271,164.3750,0,0,,,,,,,,,,
2272,164.3875,0,0,,,,,,,,,,
2273,164.4000,32,30,,,,,,,,,,
2274,164.4125,0,0,,,,,,,,,,
2275,164.4250,0,0,,,,,,,,,,
2276,164.4375,0,0,,,,,,,,,,
2277,164.4500,0,0,,,,,,,,,,
2278,164.4625,0,0,,,,,,,,,,
2279,164.4750,0,0,,,,,,,,,,
2280,164.4875,0,0,,,,,,,,,,
2281,164.5000,0,0,,,,,,,,,,
2282,164.5125,0,0,,,,,,,,,,
2283,164.5250,0,0,,,,,,,,,,
2284,164.5375,0,0,,,,,,,,,,
2285,164.5500,0,0,,,,,,,,,,
2286,164.5625,0,0,,,,,,,,,,
2287,164.5750,0,0,,,,,,,,,,
2288,164.5875,0,0,,,,,,,,,,
2289,164.6000,0,0,,,,,,,,,,
2290,164.6125,0,0,,,,,,,,,,
2291,164.6250,0,0,,,,,,,,,,
2292,164.6375,0,0,,,,,,,,,,
2293,164.6500,0,0,,,,,,,,,,
2294,164.6625,0,0,,,,,,,,,,
2295,164.6750,0,0,,,,,,,,,,
2296,164.6875,0,0,,,,,,,,,,
2297,164.7000,0,0,,,,,,,,,,
2298,164.7125,0,0,,,,,,,,,,
2299,164.7250,0,0,,,,,,,,,,
2300,164.7375,0,0,,,,,,,,,,
2301,164.7500,0,0,,,,,,,,,,
2302,164.7625,0,0,,,,,,,,,,
2303,164.7750,0,0,,,,,,,,,,
2304,164.7875,0,0,,,,,,,,,,
2305,164.8000,0,0,,,,,,,,,,
2306,164.8125,0,0,,,,,,,,,,
2307,164.8250,0,0,,,,,,,,,,
2308,164.8375,0,0,,,,,,,,,,
2309,164.8500,0,0,,,,,,,,,,
2310,164.8625,0,0,,,,,,,,,,
2311,164.8750,0,0,,,,,,,,,,
2312,164.8875,0,0,,,,,,,,,,
2313,164.9000,0,0,,,,,,,,,,
2314,164.9125,0,0,,,,,,,,,,
2315,164.9250,0,0,,,,,,,,,,
2316,164.9375,0,0,,,,,,,,,,
2317,164.9500,0,0,,,,,,,,,,
2318,164.9625,0,0,,,,,,,,,,
2319,164.9750,0,0,,,,,,,,,,
2320,164.9875,0,0,,,,,,,,,,
2321,165.0000,0,0,,,,,,,,,,
2322,165.0125,24,24,,,,,,,,,,
2323,165.0250,0,0,,,,,,,,,,
2324,165.0375,0,0,,,,,,,,,,
2325,165.0500,0,0,,,,,,,,,,
2326,165.0625,0,0,,,,,,,,,,
2327,165.0750,0,0,,,,,,,,,,
2328,165.0875,0,0,,,,,,,,,,
2329,165.1000,0,0,,,,,,,,,,
2330,165.1125,0,0,,,,,,,,,,
2331,165.1250,0,0,,,,,,,,,,
2332,165.1375,0,0,,,,,,,,,,
2333,165.1500,0,0,,,,,,,,,,
2334,165.1625,0,0,,,,,,,,,,
2335,165.1750,0,0,,,,,,,,,,
2336,165.1875,0,0,,,,,,,,,,
2337,165.2000,0,0,,,,,,,,,,
2338,165.2125,0,0,,,,,,,,,,
2339,165.2250,32,31,,,,,,,,,,
2340,165.2375,0,0,,,,,,,,,,
2341,165.2500,0,0,,,,,,,,,,
2342,165.2625,0,0,,,,,,,,,,
2343,165.2750,0,0,,,,,,,,,,
2344,165.2875,0,0,,,,,,,,,,
2345,165.3000,0,0,,,,,,,,,,
2346,165.3125,0,0,,,,,,,,,,
2347,165.3250,0,0,,,,,,,,,,
2348,165.3375,0,0,,,,,,,,,,
2349,165.3500,38,37,,,,,,,,,,
2350,165.3625,0,0,,,,,,,,,,
2351,165.3750,0,0,,,,,,,,,,
2352,165.3875,0,0,,,,,,,,,,
2353,165.4000,34,29,,,,,,,,,,
2354,165.4125,0,0,,,,,,,,,,
2355,165.4250,0,0,,,,,,,,,,
2356,165.4375,0,0,,,,,,,,,,
2357,165.4500,48,47,,,,,,,,,,
2358,165.4625,0,0,,,,,,,,,,
2359,165.4750,0,0,,,,,,,,,,
2360,165.4875,0,0,,,,,,,,,,
2361,165.5000,0,0,,,,,,,,,,
2362,165.5125,0,0,,,,,,,,,,
2363,165.5250,0,0,,,,,,,,,,
2364,165.5375,0,0,,,,,,,,,,
2365,165.5500,0,0,,,,,,,,,,
2366,165.5625,0,0,,,,,,,,,,
2367,165.5750,0,0,,,,,,,,,,
2368,165.5875,0,0,,,,,,,,,,
2369,165.6000,0,0,,,,,,,,,,
2370,165.6125,0,0,,,,,,,,,,
2371,165.6250,0,0,,,,,,,,,,
2372,165.6375,0,0,,,,,,,,,,
2373,165.6500,0,0,,,,,,,,,,
2374,165.6625,0,0,,,,,,,,,,
2375,165.6750,0,0,,,,,,,,,,
2376,165.6875,0,0,,,,,,,,,,
2377,165.7000,0,0,,,,,,,,,,
2378,165.7125,0,0,,,,,,,,,,
2379,165.7250,0,0,,,,,,,,,,
2380,165.7375,0,0,,,,,,,,,,
2381,165.7500,42,41,,,,,,,,,,
2382,165.7625,0,0,,,,,,,,,,
2383,165.7750,0,0,,,,,,,,,,
2384,165.7875,28,26,,,,,,,,,,
2385,165.8000,28,26,,,,,,,,,,
2386,165.8125,28,26,,,,,,,,,,
2387,165.8250,29,27,,,,,,,,,,
2388,165.8375,29,27,,,,,,,,,,
2389,165.8500,40,39,,,,,,,,,,
2390,165.8625,29,26,,,,,,,,,,
2391,165.8750,28,25,,,,,,,,,,
2392,165.8875,28,25,,,,,,,,,,
2393,165.9000,27,24,,,,,,,,,,
2394,165.9125,27,24,,,,,,,,,,
2395,165.9250,27,25,,,,,,,,,,
2396,165.9375,25,24,,,,,,,,,,
2397,165.9500,25,24,,,,,,,,,,
2398,165.9625,23,22,,,,,,,,,,
2399,165.9750,0,0,,,,,,,,,,
2400,165.9875,0,0,,,,,,,,,,
2401,166.0000,52,51,,,,,,,,,,
2402,166.0125,0,0,,,,,,,,,,
2403,166.0250,0,0,,,,,,,,,,
2404,166.0375,0,0,,,,,,,,,,
2405,166.0500,0,0,,,,,,,,,,
2406,166.0625,0,0,,,,,,,,,,
2407,166.0750,0,0,,,,,,,,,,
2408,166.0875,0,0,,,,,,,,,,
2409,166.1000,0,0,,,,,,,,,,
2410,166.1125,0,0,,,,,,,,,,
2411,166.1250,0,0,,,,,,,,,,
2412,166.1375,0,0,,,,,,,,,,
2413,166.1500,0,0,,,,,,,,,,
2414,166.1625,0,0,,,,,,,,,,
2415,166.1750,0,0,,,,,,,,,,
2416,166.1875,0,0,,,,,,,,,,
2417,166.2000,0,0,,,,,,,,,,
2418,166.2125,0,0,,,,,,,,,,
2419,166.2250,0,0,,,,,,,,,,
2420,166.2375,0,0,,,,,,,,,,
2421,166.2500,0,0,,,,,,,,,,
2422,166.2625,0,0,,,,,,,,,,
2423,166.2750,0,0,,,,,,,,,,
2424,166.2875,0,0,,,,,,,,,,
2425,166.3000,0,0,,,,,,,,,,
2426,166.3125,0,0,,,,,,,,,,
2427,166.3250,0,0,,,,,,,,,,
2428,166.3375,0,0,,,,,,,,,,
2429,166.3500,0,0,,,,,,,,,,
2430,166.3625,0,0,,,,,,,,,,
2431,166.3750,0,0,,,,,,,,,,
2432,166.3875,0,0,,,,,,,,,,
2433,166.4000,0,0,,,,,,,,,,
2434,166.4125,0,0,,,,,,,,,,
2435,166.4250,0,0,,,,,,,,,,
2436,166.4375,0,0,,,,,,,,,,
2437,166.4500,0,0,,,,,,,,,,
2438,166.4625,0,0,,,,,,,,,,
2439,166.4750,0,0,,,,,,,,,,
2440,166.4875,0,0,,,,,,,,,,
2441,166.5000,0,0,,,,,,,,,,
2442,166.5125,0,0,,,,,,,,,,
2443,166.5250,0,0,,,,,,,,,,
2444,166.5375,0,0,,,,,,,,,,
2445,166.5500,0,0,,,,,,,,,,
2446,166.5625,0,0,,,,,,,,,,
2447,166.5750,0,0,,,,,,,,,,
2448,166.5875,0,0,,,,,,,,,,
2449,166.6000,0,0,,,,,,,,,,
2450,166.6125,0,0,,,,,,,,,,
2451,166.6250,0,0,,,,,,,,,,
2452,166.6375,32,30,,,,,,,,,,
2453,166.6500,0,0,,,,,,,,,,
2454,166.6625,0,0,,,,,,,,,,
2455,166.6750,0,0,,,,,,,,,,
2456,166.6875,0,0,,,,,,,,,,
2457,166.7000,0,0,,,,,,,,,,
2458,166.7125,0,0,,,,,,,,,,
2459,166.7250,0,0,,,,,,,,,,
2460,166.7375,0,0,,,,,,,,,,
2461,166.7500,0,0,,,,,,,,,,
2462,166.7625,48,44,,,,,,,,,,
2463,166.7750,57,56,,,,,,,,,,
2464,166.7875,34,31,,,,,,,,,,
2465,166.8000,0,0,,,,,,,,,,
2466,166.8125,0,0,,,,,,,,,,
2467,166.8250,0,0,,,,,,,,,,
2468,166.8375,0,0,,,,,,,,,,
2469,166.8500,0,0,,,,,,,,,,
2470,166.8625,0,0,,,,,,,,,,
2471,166.8750,0,0,,,,,,,,,,
2472,166.8875,0,0,,,,,,,,,,
2473,166.9000,0,0,,,,,,,,,,
2474,166.9125,0,0,,,,,,,,,,
2475,166.9250,0,0,,,,,,,,,,
2476,166.9375,0,0,,,,,,,,,,
2477,166.9500,0,0,,,,,,,,,,
2478,166.9625,0,0,,,,,,,,,,
2479,166.9750,27,26,,,,,,,,,,
2480,166.9875,0,0,,,,,,,,,,
2481,167.0000,0,0,,,,,,,,,,
2482,167.0125,0,0,,,,,,,,,,
2483,167.0250,0,0,,,,,,,,,,
2484,167.0375,0,0,,,,,,,,,,
2485,167.0500,0,0,,,,,,,,,,
2486,167.0625,0,0,,,,,,,,,,
2487,167.0750,0,0,,,,,,,,,,
2488,167.0875,0,0,,,,,,,,,,
2489,167.1000,0,0,,,,,,,,,,
2490,167.1125,0,0,,,,,,,,,,
2491,167.1250,0,0,,,,,,,,,,
2492,167.1375,0,0,,,,,,,,,,
2493,167.1500,0,0,,,,,,,,,,
2494,167.1625,0,0,,,,,,,,,,
2495,167.1750,0,0,,,,,,,,,,
2496,167.1875,0,0,,,,,,,,,,
2497,167.2000,0,0,,,,,,,,,,
2498,167.2125,0,0,,,,,,,,,,
2499,167.2250,0,0,,,,,,,,,,
2500,167.2375,0,0,,,,,,,,,,
2501,167.2500,50,50,,,,,,,,,,
2502,167.2625,0,0,,,,,,,,,,
2503,167.2750,0,0,,,,,,,,,,
2504,167.2875,0,0,,,,,,,,,,
2505,167.3000,0,0,,,,,,,,,,
2506,167.3125,24,24,,,,,,,,,,
2507,167.3250,25,24,,,,,,,,,,
2508,167.3375,0,0,,,,,,,,,,
2509,167.3500,0,0,,,,,,,,,,
2510,167.3625,0,0,,,,,,,,,,
2511,167.3750,0,0,,,,,,,,,,
2512,167.3875,0,0,,,,,,,,,,
2513,167.4000,0,0,,,,,,,,,,
2514,167.4125,0,0,,,,,,,,,,
2515,167.4250,0,0,,,,,,,,,,
2516,167.4375,0,0,,,,,,,,,,
2517,167.4500,0,0,,,,,,,,,,
2518,167.4625,0,0,,,,,,,,,,
2519,167.4750,0,0,,,,,,,,,,
2520,167.4875,0,0,,,,,,,,,,
2521,167.5000,0,0,,,,,,,,,,
2522,167.5125,0,0,,,,,,,,,,
2523,167.5250,0,0,,,,,,,,,,
2524,167.5375,0,0,,,,,,,,,,
2525,167.5500,0,0,,,,,,,,,,
2526,167.5625,0,0,,,,,,,,,,
2527,167.5750,0,0,,,,,,,,,,
2528,167.5875,0,0,,,,,,,,,,
2529,167.6000,0,0,,,,,,,,,,
2530,167.6125,0,0,,,,,,,,,,
2531,167.6250,0,0,,,,,,,,,,
2532,167.6375,0,0,,,,,,,,,,
2533,167.6500,0,0,,,,,,,,,,
2534,167.6625,0,0,,,,,,,,,,
2535,167.6750,0,0,,,,,,,,,,
2536,167.6875,0,0,,,,,,,,,,
2537,167.7000,0,0,,,,,,,,,,
2538,167.7125,0,0,,,,,,,,,,
2539,167.7250,0,0,,,,,,,,,,
2540,167.7375,0,0,,,,,,,,,,
2541,167.7500,0,0,,,,,,,,,,
2542,167.7625,0,0,,,,,,,,,,
2543,167.7750,0,0,,,,,,,,,,
2544,167.7875,0,0,,,,,,,,,,
2545,167.8000,0,0,,,,,,,,,,
2546,167.8125,0,0,,,,,,,,,,
2547,167.8250,0,0,,,,,,,,,,
2548,167.8375,0,0,,,,,,,,,,
2549,167.8500,33,32,,,,,,,,,,
2550,167.8625,0,0,,,,,,,,,,
2551,167.8750,0,0,,,,,,,,,,
2552,167.8875,0,0,,,,,,,,,,
2553,167.9000,0,0,,,,,,,,,,
2554,167.9125,0,0,,,,,,,,,,
2555,167.9250,0,0,,,,,,,,,,
2556,167.9375,0,0,,,,,,,,,,
2557,167.9500,0,0,,,,,,,,,,
2558,167.9625,0,0,,,,,,,,,,
2559,167.9750,0,0,,,,,,,,,,
2560,167.9875,0,0,,,,,,,,,,
2561,168.0000,0,0,,,,,,,,,,
2562,168.0125,0,0,,,,,,,,,,
2563,168.0250,0,0,,,,,,,,,,
2564,168.0375,0,0,,,,,,,,,,
2565,168.0500,43,34,,,,,,,,,,
2566,168.0625,0,0,,,,,,,,,,
2567,168.0750,0,0,,,,,,,,,,
2568,168.0875,0,0,,,,,,,,,,
2569,168.1000,0,0,,,,,,,,,,
2570,168.1125,0,0,,,,,,,,,,
2571,168.1250,0,0,,,,,,,,,,
2572,168.1375,0,0,,,,,,,,,,
2573,168.1500,0,0,,,,,,,,,,
2574,168.1625,0,0,,,,,,,,,,
2575,168.1750,0,0,,,,,,,,,,
2576,168.1875,0,0,,,,,,,,,,
2577,168.2000,0,0,,,,,,,,,,
2578,168.2125,0,0,,,,,,,,,,
2579,168.2250,0,0,,,,,,,,,,
2580,168.2375,0,0,,,,,,,,,,
2581,168.2500,0,0,,,,,,,,,,
2582,168.2625,24,23,,,,,,,,,,
2583,168.2750,52,49,,,,,,,,,,
2584,168.2875,0,0,,,,,,,,,,
2585,168.3000,59,58,,,,,,,,,,
2586,168.3125,0,0,,,,,,,,,,
2587,168.3250,0,0,,,,,,,,,,
2588,168.3375,0,0,,,,,,,,,,
2589,168.3500,29,27,,,,,,,,,,
2590,168.3625,32,29,,,,,,,,,,
2591,168.3750,32,29,,,,,,,,,,
2592,168.3875,32,28,,,,,,,,,,
2593,168.4000,32,29,,,,,,,,,,
2594,168.4125,31,28,,,,,,,,,,
2595,168.4250,54,50,,,,,,,,,,
2596,168.4375,37,29,,,,,,,,,,
2597,168.4500,30,28,,,,,,,,,,
2598,168.4625,26,25,,,,,,,,,,
2599,168.4750,0,0,,,,,,,,,,
2600,168.4875,0,0,,,,,,,,,,
2601,168.5000,0,0,,,,,,,,,,
2602,168.5125,0,0,,,,,,,,,,
2603,168.5250,0,0,,,,,,,,,,
2604,168.5375,0,0,,,,,,,,,,
2605,168.5500,35,34,,,,,,,,,,
2606,168.5625,0,0,,,,,,,,,,
2607,168.5750,0,0,,,,,,,,,,
2608,168.5875,0,0,,,,,,,,,,
2609,168.6000,0,0,,,,,,,,,,
2610,168.6125,0,0,,,,,,,,,,
2611,168.6250,0,0,,,,,,,,,,
2612,168.6375,0,0,,,,,,,,,,
2613,168.6500,39,34,,,,,,,,,,
2614,168.6625,32,30,,,,,,,,,,
2615,168.6750,33,29,,,,,,,,,,
2616,168.6875,31,27,,,,,,,,,,
2617,168.7000,0,0,,,,,,,,,,
2618,168.7125,0,0,,,,,,,,,,
2619,168.7250,0,0,,,,,,,,,,
2620,168.7375,0,0,,,,,,,,,,
2621,168.7500,0,0,,,,,,,,,,
2622,168.7625,0,0,,,,,,,,,,
2623,168.7750,48,47,,,,,,,,,,
2624,168.7875,0,0,,,,,,,,,,
2625,168.8000,0,0,,,,,,,,,,
2626,168.8125,0,0,,,,,,,,,,
2627,168.8250,0,0,,,,,,,,,,
2628,168.8375,0,0,,,,,,,,,,
2629,168.8500,0,0,,,,,,,,,,
2630,168.8625,0,0,,,,,,,,,,
2631,168.8750,0,0,,,,,,,,,,
2632,168.8875,0,0,,,,,,,,,,
2633,168.9000,0,0,,,,,,,,,,
2634,168.9125,0,0,,,,,,,,,,
2635,168.9250,0,0,,,,,,,,,,
2636,168.9375,0,0,,,,,,,,,,
2637,168.9500,0,0,,,,,,,,,,
2638,168.9625,0,0,,,,,,,,,,
2639,168.9750,0,0,,,,,,,,,,
2640,168.9875,0,0,,,,,,,,,,
2641,169.0000,40,40,,,,,,,,,,
2642,169.0125,0,0,,,,,,,,,,
2643,169.0250,0,0,,,,,,,,,,
2644,169.0375,0,0,,,,,,,,,,
2645,169.0500,0,0,,,,,,,,,,
2646,169.0625,0,0,,,,,,,,,,
2647,169.0750,0,0,,,,,,,,,,
2648,169.0875,0,0,,,,,,,,,,
2649,169.1000,0,0,,,,,,,,,,
2650,169.1125,0,0,,,,,,,,,,
2651,169.1250,0,0,,,,,,,,,,
2652,169.1375,0,0,,,,,,,,,,
2653,169.1500,0,0,,,,,,,,,,
2654,169.1625,0,0,,,,,,,,,,
2655,169.1750,0,0,,,,,,,,,,
2656,169.1875,0,0,,,,,,,,,,
2657,169.2000,0,0,,,,,,,,,,
2658,169.2125,0,0,,,,,,,,,,
2659,169.2250,0,0,,,,,,,,,,
2660,169.2375,0,0,,,,,,,,,,
2661,169.2500,0,0,,,,,,,,,,
2662,169.2625,0,0,,,,,,,,,,
2663,169.2750,0,0,,,,,,,,,,
2664,169.2875,0,0,,,,,,,,,,
2665,169.3000,0,0,,,,,,,,,,
2666,169.3125,0,0,,,,,,,,,,
2667,169.3250,0,0,,,,,,,,,,
2668,169.3375,0,0,,,,,,,,,,
2669,169.3500,0,0,,,,,,,,,,
2670,169.3625,0,0,,,,,,,,,,
2671,169.3750,0,0,,,,,,,,,,
2672,169.3875,0,0,,,,,,,,,,
2673,169.4000,0,0,,,,,,,,,,
2674,169.4125,0,0,,,,,,,,,,
2675,169.4250,0,0,,,,,,,,,,
2676,169.4375,0,0,,,,,,,,,,
2677,169.4500,0,0,,,,,,,,,,
2678,169.4625,0,0,,,,,,,,,,
2679,169.4750,0,0,,,,,,,,,,
2680,169.4875,0,0,,,,,,,,,,
2681,169.5000,0,0,,,,,,,,,,
2682,169.5125,0,0,,,,,,,,,,
2683,169.5250,0,0,,,,,,,,,,
2684,169.5375,0,0,,,,,,,,,,
2685,169.5500,0,0,,,,,,,,,,
2686,169.5625,0,0,,,,,,,,,,
2687,169.5750,0,0,,,,,,,,,,
2688,169.5875,0,0,,,,,,,,,,
2689,169.6000,0,0,,,,,,,,,,
2690,169.6125,0,0,,,,,,,,,,
2691,169.6250,0,0,,,,,,,,,,
2692,169.6375,0,0,,,,,,,,,,
2693,169.6500,0,0,,,,,,,,,,
2694,169.6625,0,0,,,,,,,,,,
2695,169.6750,0,0,,,,,,,,,,
2696,169.6875,0,0,,,,,,,,,,
2697,169.7000,0,0,,,,,,,,,,
2698,169.7125,0,0,,,,,,,,,,
2699,169.7250,0,0,,,,,,,,,,
2700,169.7375,0,0,,,,,,,,,,
2701,169.7500,0,0,,,,,,,,,,
2702,169.7625,0,0,,,,,,,,,,
2703,169.7750,0,0,,,,,,,,,,
2704,169.7875,0,0,,,,,,,,,,
2705,169.8000,0,0,,,,,,,,,,
2706,169.8125,0,0,,,,,,,,,,
2707,169.8250,0,0,,,,,,,,,,
2708,169.8375,0,0,,,,,,,,,,
2709,169.8500,0,0,,,,,,,,,,
2710,169.8625,0,0,,,,,,,,,,
2711,169.8750,0,0,,,,,,,,,,
2712,169.8875,0,0,,,,,,,,,,
2713,169.9000,0,0,,,,,,,,,,
2714,169.9125,0,0,,,,,,,,,,
2715,169.9250,0,0,,,,,,,,,,
2716,169.9375,0,0,,,,,,,,,,
2717,169.9500,0,0,,,,,,,,,,
2718,169.9625,0,0,,,,,,,,,,
2719,169.9750,0,0,,,,,,,,,,
2720,169.9875,0,0,,,,,,,,,,
2721,170.0000,0,0,,,,,,,,,,
2722,170.0125,29,29,,,,,,,,,,
2723,170.0250,0,0,,,,,,,,,,
2724,170.0375,0,0,,,,,,,,,,
2725,170.0500,0,0,,,,,,,,,,
2726,170.0625,0,0,,,,,,,,,,
2727,170.0750,0,0,,,,,,,,,,
2728,170.0875,0,0,,,,,,,,,,
2729,170.1000,0,0,,,,,,,,,,
2730,170.1125,0,0,,,,,,,,,,
2731,170.1250,0,0,,,,,,,,,,
2732,170.1375,0,0,,,,,,,,,,
2733,170.1500,0,0,,,,,,,,,,
2734,170.1625,0,0,,,,,,,,,,
2735,170.1750,0,0,,,,,,,,,,
2736,170.1875,0,0,,,,,,,,,,
2737,170.2000,0,0,,,,,,,,,,
2738,170.2125,0,0,,,,,,,,,,
2739,170.2250,0,0,,,,,,,,,,
2740,170.2375,0,0,,,,,,,,,,
2741,170.2500,0,0,,,,,,,,,,
2742,170.2625,0,0,,,,,,,,,,
2743,170.2750,0,0,,,,,,,,,,
2744,170.2875,0,0,,,,,,,,,,
2745,170.3000,0,0,,,,,,,,,,
2746,170.3125,0,0,,,,,,,,,,
2747,170.3250,0,0,,,,,,,,,,
2748,170.3375,0,0,,,,,,,,,,
2749,170.3500,0,0,,,,,,,,,,
2750,170.3625,0,0,,,,,,,,,,
2751,170.3750,0,0,,,,,,,,,,
2752,170.3875,0,0,,,,,,,,,,
2753,170.4000,0,0,,,,,,,,,,
2754,170.4125,0,0,,,,,,,,,,
2755,170.4250,0,0,,,,,,,,,,
2756,170.4375,0,0,,,,,,,,,,
2757,170.4500,0,0,,,,,,,,,,
2758,170.4625,0,0,,,,,,,,,,
2759,170.4750,0,0,,,,,,,,,,
2760,170.4875,0,0,,,,,,,,,,
2761,170.5000,0,0,,,,,,,,,,
2762,170.5125,0,0,,,,,,,,,,
2763,170.5250,0,0,,,,,,,,,,
2764,170.5375,0,0,,,,,,,,,,
2765,170.5500,0,0,,,,,,,,,,
2766,170.5625,0,0,,,,,,,,,,
2767,170.5750,0,0,,,,,,,,,,
2768,170.5875,0,0,,,,,,,,,,
2769,170.6000,0,0,,,,,,,,,,
2770,170.6125,0,0,,,,,,,,,,
2771,170.6250,0,0,,,,,,,,,,
2772,170.6375,0,0,,,,,,,,,,
2773,170.6500,0,0,,,,,,,,,,
2774,170.6625,0,0,,,,,,,,,,
2775,170.6750,0,0,,,,,,,,,,
2776,170.6875,0,0,,,,,,,,,,
2777,170.7000,0,0,,,,,,,,,,
2778,170.7125,0,0,,,,,,,,,,
2779,170.7250,0,0,,,,,,,,,,
2780,170.7375,0,0,,,,,,,,,,
2781,170.7500,0,0,,,,,,,,,,
2782,170.7625,0,0,,,,,,,,,,
2783,170.7750,0,0,,,,,,,,,,
2784,170.7875,0,0,,,,,,,,,,
2785,170.8000,0,0,,,,,,,,,,
2786,170.8125,0,0,,,,,,,,,,
2787,170.8250,0,0,,,,,,,,,,
2788,170.8375,0,0,,,,,,,,,,
2789,170.8500,0,0,,,,,,,,,,
2790,170.8625,0,0,,,,,,,,,,
2791,170.8750,0,0,,,,,,,,,,
2792,170.8875,0,0,,,,,,,,,,
2793,170.9000,0,0,,,,,,,,,,
2794,170.9125,0,0,,,,,,,,,,
2795,170.9250,0,0,,,,,,,,,,
2796,170.9375,0,0,,,,,,,,,,
2797,170.9500,0,0,,,,,,,,,,
2798,170.9625,0,0,,,,,,,,,,
2799,170.9750,0,0,,,,,,,,,,
2800,170.9875,0,0,,,,,,,,,,
2801,171.0000,0,0,,,,,,,,,,
2802,171.0125,0,0,,,,,,,,,,
2803,171.0250,0,0,,,,,,,,,,
2804,171.0375,0,0,,,,,,,,,,
2805,171.0500,0,0,,,,,,,,,,
2806,171.0625,0,0,,,,,,,,,,
2807,171.0750,0,0,,,,,,,,,,
2808,171.0875,0,0,,,,,,,,,,
2809,171.1000,0,0,,,,,,,,,,
2810,171.1125,0,0,,,,,,,,,,
2811,171.1250,0,0,,,,,,,,,,
2812,171.1375,0,0,,,,,,,,,,
2813,171.1500,0,0,,,,,,,,,,
2814,171.1625,0,0,,,,,,,,,,
2815,171.1750,0,0,,,,,,,,,,
2816,171.1875,0,0,,,,,,,,,,
2817,171.2000,0,0,,,,,,,,,,
2818,171.2125,0,0,,,,,,,,,,
2819,171.2250,0,0,,,,,,,,,,
2820,171.2375,0,0,,,,,,,,,,
2821,171.2500,0,0,,,,,,,,,,
2822,171.2625,0,0,,,,,,,,,,
2823,171.2750,0,0,,,,,,,,,,
2824,171.2875,0,0,,,,,,,,,,
2825,171.3000,0,0,,,,,,,,,,
2826,171.3125,0,0,,,,,,,,,,
2827,171.3250,0,0,,,,,,,,,,
2828,171.3375,0,0,,,,,,,,,,
2829,171.3500,0,0,,,,,,,,,,
2830,171.3625,0,0,,,,,,,,,,
2831,171.3750,0,0,,,,,,,,,,
2832,171.3875,0,0,,,,,,,,,,
2833,171.4000,0,0,,,,,,,,,,
2834,171.4125,0,0,,,,,,,,,,
2835,171.4250,0,0,,,,,,,,,,
2836,171.4375,0,0,,,,,,,,,,
2837,171.4500,0,0,,,,,,,,,,
2838,171.4625,0,0,,,,,,,,,,
2839,171.4750,0,0,,,,,,,,,,
2840,171.4875,0,0,,,,,,,,,,
2841,171.5000,0,0,,,,,,,,,,
2842,171.5125,0,0,,,,,,,,,,
2843,171.5250,0,0,,,,,,,,,,
2844,171.5375,0,0,,,,,,,,,,
2845,171.5500,0,0,,,,,,,,,,
2846,171.5625,0,0,,,,,,,,,,
2847,171.5750,0,0,,,,,,,,,,
2848,171.5875,0,0,,,,,,,,,,
2849,171.6000,0,0,,,,,,,,,,
2850,171.6125,0,0,,,,,,,,,,
2851,171.6250,0,0,,,,,,,,,,
2852,171.6375,0,0,,,,,,,,,,
2853,171.6500,0,0,,,,,,,,,,
2854,171.6625,0,0,,,,,,,,,,
2855,171.6750,0,0,,,,,,,,,,
2856,171.6875,0,0,,,,,,,,,,
2857,171.7000,0,0,,,,,,,,,,
2858,171.7125,0,0,,,,,,,,,,
2859,171.7250,0,0,,,,,,,,,,
2860,171.7375,0,0,,,,,,,,,,
2861,171.7500,0,0,,,,,,,,,,
2862,171.7625,0,0,,,,,,,,,,
2863,171.7750,0,0,,,,,,,,,,
2864,171.7875,0,0,,,,,,,,,,
2865,171.8000,0,0,,,,,,,,,,
2866,171.8125,0,0,,,,,,,,,,
2867,171.8250,0,0,,,,,,,,,,
2868,171.8375,0,0,,,,,,,,,,
2869,171.8500,0,0,,,,,,,,,,
2870,171.8625,0,0,,,,,,,,,,
2871,171.8750,0,0,,,,,,,,,,
2872,171.8875,0,0,,,,,,,,,,
2873,171.9000,0,0,,,,,,,,,,
2874,171.9125,0,0,,,,,,,,,,
2875,171.9250,0,0,,,,,,,,,,
2876,171.9375,0,0,,,,,,,,,,
2877,171.9500,0,0,,,,,,,,,,
2878,171.9625,0,0,,,,,,,,,,
2879,171.9750,0,0,,,,,,,,,,
2880,171.9875,0,0,,,,,,,,,,
2881,172.0000,0,0,,,,,,,,,,
2882,172.0125,0,0,,,,,,,,,,
2883,172.0250,0,0,,,,,,,,,,
2884,172.0375,0,0,,,,,,,,,,
2885,172.0500,0,0,,,,,,,,,,
2886,172.0625,0,0,,,,,,,,,,
2887,172.0750,0,0,,,,,,,,,,
2888,172.0875,0,0,,,,,,,,,,
2889,172.1000,0,0,,,,,,,,,,
2890,172.1125,0,0,,,,,,,,,,
2891,172.1250,0,0,,,,,,,,,,
2892,172.1375,0,0,,,,,,,,,,
2893,172.1500,0,0,,,,,,,,,,
2894,172.1625,0,0,,,,,,,,,,
2895,172.1750,0,0,,,,,,,,,,
2896,172.1875,0,0,,,,,,,,,,
2897,172.2000,0,0,,,,,,,,,,
2898,172.2125,0,0,,,,,,,,,,
2899,172.2250,0,0,,,,,,,,,,
2900,172.2375,0,0,,,,,,,,,,
2901,172.2500,0,0,,,,,,,,,,
2902,172.2625,0,0,,,,,,,,,,
2903,172.2750,0,0,,,,,,,,,,
2904,172.2875,0,0,,,,,,,,,,
2905,172.3000,0,0,,,,,,,,,,
2906,172.3125,0,0,,,,,,,,,,
2907,172.3250,0,0,,,,,,,,,,
2908,172.3375,0,0,,,,,,,,,,
2909,172.3500,0,0,,,,,,,,,,
2910,172.3625,0,0,,,,,,,,,,
2911,172.3750,0,0,,,,,,,,,,
2912,172.3875,0,0,,,,,,,,,,
2913,172.4000,0,0,,,,,,,,,,
2914,172.4125,0,0,,,,,,,,,,
2915,172.4250,0,0,,,,,,,,,,
2916,172.4375,0,0,,,,,,,,,,
2917,172.4500,0,0,,,,,,,,,,
2918,172.4625,0,0,,,,,,,,,,
2919,172.4750,0,0,,,,,,,,,,
2920,172.4875,0,0,,,,,,,,,,
2921,172.5000,0,0,,,,,,,,,,
2922,172.5125,0,0,,,,,,,,,,
2923,172.5250,0,0,,,,,,,,,,
2924,172.5375,0,0,,,,,,,,,,
2925,172.5500,28,28,,,,,,,,,,
2926,172.5625,0,0,,,,,,,,,,
2927,172.5750,0,0,,,,,,,,,,
2928,172.5875,0,0,,,,,,,,,,
2929,172.6000,0,0,,,,,,,,,,
2930,172.6125,0,0,,,,,,,,,,
2931,172.6250,0,0,,,,,,,,,,
2932,172.6375,0,0,,,,,,,,,,
2933,172.6500,0,0,,,,,,,,,,
2934,172.6625,0,0,,,,,,,,,,
2935,172.6750,0,0,,,,,,,,,,
2936,172.6875,0,0,,,,,,,,,,
2937,172.7000,0,0,,,,,,,,,,
2938,172.7125,0,0,,,,,,,,,,
2939,172.7250,0,0,,,,,,,,,,
2940,172.7375,0,0,,,,,,,,,,
2941,172.7500,0,0,,,,,,,,,,
2942,172.7625,0,0,,,,,,,,,,
2943,172.7750,0,0,,,,,,,,,,
2944,172.7875,0,0,,,,,,,,,,
2945,172.8000,0,0,,,,,,,,,,
2946,172.8125,0,0,,,,,,,,,,
2947,172.8250,0,0,,,,,,,,,,
2948,172.8375,0,0,,,,,,,,,,
2949,172.8500,25,25,,,,,,,,,,
2950,172.8625,0,0,,,,,,,,,,
2951,172.8750,0,0,,,,,,,,,,
2952,172.8875,0,0,,,,,,,,,,
2953,172.9000,0,0,,,,,,,,,,
2954,172.9125,0,0,,,,,,,,,,
2955,172.9250,0,0,,,,,,,,,,
2956,172.9375,0,0,,,,,,,,,,
2957,172.9500,0,0,,,,,,,,,,
2958,172.9625,0,0,,,,,,,,,,
2959,172.9750,0,0,,,,,,,,,,
2960,172.9875,0,0,,,,,,,,,,
2961,173.0000,0,0,,,,,,,,,,
2962,173.0125,0,0,,,,,,,,,,
2963,173.0250,0,0,,,,,,,,,,
2964,173.0375,0,0,,,,,,,,,,
2965,173.0500,0,0,,,,,,,,,,
2966,173.0625,0,0,,,,,,,,,,
2967,173.0750,0,0,,,,,,,,,,
2968,173.0875,0,0,,,,,,,,,,
2969,173.1000,0,0,,,,,,,,,,
2970,173.1125,0,0,,,,,,,,,,
2971,173.1250,0,0,,,,,,,,,,
2972,173.1375,0,0,,,,,,,,,,
2973,173.1500,0,0,,,,,,,,,,
2974,173.1625,0,0,,,,,,,,,,
2975,173.1750,32,31,,,,,,,,,,
2976,173.1875,0,0,,,,,,,,,,
2977,173.2000,0,0,,,,,,,,,,
2978,173.2125,0,0,,,,,,,,,,
2979,173.2250,0,0,,,,,,,,,,
2980,173.2375,0,0,,,,,,,,,,
2981,173.2500,0,0,,,,,,,,,,
2982,173.2625,0,0,,,,,,,,,,
2983,173.2750,0,0,,,,,,,,,,
2984,173.2875,0,0,,,,,,,,,,
2985,173.3000,0,0,,,,,,,,,,
2986,173.3125,0,0,,,,,,,,,,
2987,173.3250,0,0,,,,,,,,,,
2988,173.3375,0,0,,,,,,,,,,
2989,173.3500,0,0,,,,,,,,,,
2990,173.3625,0,0,,,,,,,,,,
2991,173.3750,0,0,,,,,,,,,,
2992,173.3875,0,0,,,,,,,,,,
2993,173.4000,0,0,,,,,,,,,,
2994,173.4125,0,0,,,,,,,,,,
2995,173.4250,0,0,,,,,,,,,,
2996,173.4375,0,0,,,,,,,,,,
2997,173.4500,0,0,,,,,,,,,,
2998,173.4625,0,0,,,,,,,,,,
2999,173.4750,0,0,,,,,,,,,,
3000,173.4875,0,0,,,,,,,,,,
3001,173.5000,0,0,,,,,,,,,,
3002,173.5125,0,0,,,,,,,,,,
3003,173.5250,0,0,,,,,,,,,,
3004,173.5375,0,0,,,,,,,,,,
3005,173.5500,0,0,,,,,,,,,,
3006,173.5625,0,0,,,,,,,,,,
3007,173.5750,0,0,,,,,,,,,,
3008,173.5875,0,0,,,,,,,,,,
3009,173.6000,0,0,,,,,,,,,,
3010,173.6125,0,0,,,,,,,,,,
3011,173.6250,0,0,,,,,,,,,,
3012,173.6375,0,0,,,,,,,,,,
3013,173.6500,0,0,,,,,,,,,,
3014,173.6625,0,0,,,,,,,,,,
3015,173.6750,0,0,,,,,,,,,,
3016,173.6875,0,0,,,,,,,,,,
3017,173.7000,0,0,,,,,,,,,,
3018,173.7125,0,0,,,,,,,,,,
3019,173.7250,0,0,,,,,,,,,,
3020,173.7375,0,0,,,,,,,,,,
3021,173.7500,0,0,,,,,,,,,,
3022,173.7625,0,0,,,,,,,,,,
3023,173.7750,0,0,,,,,,,,,,
3024,173.7875,0,0,,,,,,,,,,
3025,173.8000,0,0,,,,,,,,,,
3026,173.8125,0,0,,,,,,,,,,
3027,173.8250,0,0,,,,,,,,,,
3028,173.8375,0,0,,,,,,,,,,
3029,173.8500,0,0,,,,,,,,,,
3030,173.8625,0,0,,,,,,,,,,
3031,173.8750,0,0,,,,,,,,,,
3032,173.8875,0,0,,,,,,,,,,
3033,173.9000,0,0,,,,,,,,,,
3034,173.9125,0,0,,,,,,,,,,
3035,173.9250,0,0,,,,,,,,,,
3036,173.9375,0,0,,,,,,,,,,
3037,173.9500,0,0,,,,,,,,,,
3038,173.9625,0,0,,,,,,,,,,
3039,173.9750,0,0,,,,,,,,,,
3040,173.9875,0,0,,,,,,,,,,
3041,174.0000,0,0,,,,,,,,,,
